date,region,product,category,sales_rep,revenue,cost,quantity,customer_id,profit
2024-01-01,North,USB-C Hub,Peripherals,Bob Smith,263.29,113.86,5,CUST-1163,149.43
2024-01-01,North,Keyboard Mech,Displays,Carol Davis,129.57,65.26,4,CUST-1167,64.31
2024-01-01,Central,"Monitor 27""",Peripherals,David Wilson,296.28,134.62,23,CUST-1131,161.66
2024-01-01,East,USB-C Hub,Accessories,Emma Brown,359.35,212.12,22,CUST-1219,147.23
2024-01-02,South,Wireless Mouse,Accessories,David Wilson,107.45,63.43,24,CUST-1181,44.02
2024-01-02,Central,USB-C Hub,Electronics,Frank Miller,263.75,133.7,21,CUST-1087,130.05
2024-01-03,North,Laptop Pro,Electronics,Emma Brown,448.0,304.26,24,CUST-1056,143.74
2024-01-03,Central,Laptop Pro,Displays,Alice Johnson,209.65,124.41,18,CUST-1215,85.24
2024-01-03,South,"Monitor 27""",Electronics,Alice Johnson,88.57,53.72,4,CUST-1121,34.85
2024-01-04,South,Wireless Mouse,Electronics,Carol Davis,527.9,288.73,10,CUST-1110,239.17
2024-01-04,North,Wireless Mouse,Electronics,Frank Miller,187.83,124.73,2,CUST-1289,63.1
2024-01-04,North,USB-C Hub,Peripherals,David Wilson,119.48,59.07,11,CUST-1190,60.41
2024-01-05,North,"Monitor 27""",Displays,Emma Brown,331.76,191.46,5,CUST-1019,140.3
2024-01-05,West,"Monitor 27""",Accessories,Carol Davis,270.23,110.55,9,CUST-1024,159.68
2024-01-05,Central,Wireless Mouse,Peripherals,Frank Miller,259.74,165.12,25,CUST-1094,94.62
2024-01-05,West,USB-C Hub,Peripherals,Emma Brown,74.71,50.12,11,CUST-1296,24.59
2024-01-05,West,"Monitor 27""",Accessories,David Wilson,70.65,44.66,22,CUST-1076,25.99
2024-01-05,East,Keyboard Mech,Electronics,Carol Davis,172.56,93.82,6,CUST-1061,78.74
2024-01-06,East,"Monitor 27""",Peripherals,Frank Miller,171.08,116.24,7,CUST-1045,54.84
2024-01-06,South,Keyboard Mech,Electronics,Emma Brown,394.24,272.21,5,CUST-1294,122.03
2024-01-07,South,Wireless Mouse,Peripherals,Carol Davis,472.28,298.08,5,CUST-1155,174.2
2024-01-07,West,USB-C Hub,Accessories,Emma Brown,454.44,200.63,16,CUST-1067,253.81
2024-01-08,South,Wireless Mouse,Accessories,David Wilson,639.37,406.11,18,CUST-1131,233.26
2024-01-09,West,Wireless Mouse,Displays,Emma Brown,170.1,84.19,14,CUST-1071,85.91
2024-01-10,South,Laptop Pro,Electronics,Carol Davis,205.57,89.14,3,CUST-1192,116.43
2024-01-10,East,"Monitor 27""",Electronics,David Wilson,148.58,82.08,1,CUST-1173,66.5
2024-01-11,East,"Monitor 27""",Accessories,David Wilson,139.06,66.69,19,CUST-1283,72.37
2024-01-12,South,Wireless Mouse,Electronics,Alice Johnson,52.92,34.04,18,CUST-1293,18.88
2024-01-12,East,USB-C Hub,Electronics,Frank Miller,644.06,360.71,22,CUST-1160,283.35
2024-01-12,North,USB-C Hub,Peripherals,Emma Brown,189.11,95.96,15,CUST-1279,93.15
2024-01-12,South,"Monitor 27""",Electronics,David Wilson,15914.65,7957.33,51,CUST-1020,7957.32
2024-01-12,East,Laptop Pro,Electronics,Emma Brown,503.54,217.77,2,CUST-1139,285.77
2024-01-12,South,Wireless Mouse,Peripherals,Alice Johnson,169.86,,24,CUST-1021,
2024-01-13,East,USB-C Hub,Peripherals,Bob Smith,299.93,163.84,1,CUST-1286,136.09
2024-01-13,South,"Monitor 27""",Electronics,David Wilson,233.34,144.91,23,CUST-1288,88.43
2024-01-14,East,USB-C Hub,Electronics,Emma Brown,529.98,233.9,21,CUST-1103,296.08
2024-01-14,North,Wireless Mouse,Displays,Carol Davis,70.93,48.35,10,CUST-1236,22.58
2024-01-14,North,USB-C Hub,Peripherals,Carol Davis,104.17,44.43,4,CUST-1197,59.74
2024-01-14,East,Wireless Mouse,Electronics,Carol Davis,69.91,37.93,15,CUST-1096,31.98
2024-01-14,South,Laptop Pro,Electronics,Emma Brown,67.01,45.84,22,CUST-1008,21.17
2024-01-15,West,Wireless Mouse,Peripherals,Alice Johnson,1120.53,560.26,177,CUST-1155,560.27
2024-01-15,West,USB-C Hub,Accessories,Bob Smith,1054.23,596.32,3,CUST-1198,457.91
2024-01-17,North,USB-C Hub,Electronics,Emma Brown,351.49,227.3,16,CUST-1228,124.19
2024-01-17,Central,"Monitor 27""",Peripherals,Frank Miller,169.12,107.22,3,CUST-1146,61.9
2024-01-17,North,Wireless Mouse,Peripherals,Emma Brown,419.62,182.49,16,CUST-1294,237.13
2024-01-18,North,Wireless Mouse,Accessories,Bob Smith,155.02,85.1,20,CUST-1029,69.92
2024-01-18,East,USB-C Hub,Displays,Emma Brown,164.02,85.98,5,CUST-1011,78.04
2024-01-20,South,Wireless Mouse,Electronics,Frank Miller,50.22,34.56,7,CUST-1250,15.66
2024-01-20,Central,Laptop Pro,Displays,Bob Smith,310.36,208.33,17,CUST-1290,102.03
2024-01-21,South,Wireless Mouse,Peripherals,Alice Johnson,294.25,166.68,14,CUST-1190,127.57
2024-01-22,South,Laptop Pro,Peripherals,Frank Miller,272.26,137.57,8,CUST-1047,134.69
2024-01-22,North,Laptop Pro,Peripherals,Alice Johnson,120.17,79.4,6,CUST-1295,40.77
2024-01-23,South,Laptop Pro,Accessories,Bob Smith,667.0,270.02,3,CUST-1017,396.98
2024-01-24,North,Laptop Pro,Displays,David Wilson,125.01,66.06,25,CUST-1007,58.95
2024-01-25,South,"Monitor 27""",Electronics,Frank Miller,136.5,65.6,4,CUST-1272,70.9
2024-01-25,East,"Monitor 27""",Peripherals,David Wilson,632.55,328.4,18,CUST-1038,304.15
2024-01-26,South,"Monitor 27""",Accessories,David Wilson,172.25,,23,CUST-1129,
2024-01-26,South,Wireless Mouse,Electronics,David Wilson,52.4,26.64,6,CUST-1085,25.76
2024-01-27,North,Wireless Mouse,Peripherals,David Wilson,,13.91,5,CUST-1171,
2024-01-27,West,USB-C Hub,Accessories,Frank Miller,195.15,132.33,25,CUST-1068,62.82
2024-01-28,South,"Monitor 27""",Displays,Carol Davis,178.36,85.18,24,CUST-1227,93.18
2024-01-28,East,Wireless Mouse,Displays,David Wilson,242.46,143.01,15,CUST-1292,99.45
2024-01-29,West,Laptop Pro,Electronics,Bob Smith,458.16,215.81,24,CUST-1139,242.35
2024-01-29,North,Laptop Pro,Peripherals,Alice Johnson,1402.24,623.05,4,CUST-1099,779.19
2024-01-30,North,Laptop Pro,Displays,Bob Smith,298.22,177.31,7,CUST-1193,120.91
2024-01-31,South,USB-C Hub,Accessories,Frank Miller,386.19,223.83,20,CUST-1000,162.36
2024-02-02,Central,Wireless Mouse,Electronics,Alice Johnson,311.03,163.52,1,CUST-1015,147.51
2024-02-03,South,"Monitor 27""",Displays,Emma Brown,164.26,68.26,1,CUST-1017,96.0
2024-02-03,East,Laptop Pro,Peripherals,Alice Johnson,255.25,104.72,16,CUST-1065,150.53
2024-02-03,Central,Keyboard Mech,Displays,David Wilson,155.78,98.46,13,CUST-1280,57.32
2024-02-05,South,USB-C Hub,Accessories,Bob Smith,253.6,156.8,6,CUST-1053,96.8
2024-02-05,West,"Monitor 27""",Peripherals,Bob Smith,64.79,35.26,19,CUST-1085,29.53
2024-02-05,North,"Monitor 27""",Electronics,Alice Johnson,82.49,45.41,13,CUST-1289,37.08
2024-02-07,East,Keyboard Mech,Displays,Frank Miller,1.22,49.76,1,CUST-1165,-48.54
2024-02-07,North,Wireless Mouse,Accessories,Emma Brown,128.71,77.22,18,CUST-1043,51.49
2024-02-07,West,Laptop Pro,Electronics,Frank Miller,353.89,237.91,5,CUST-1260,115.98
2024-02-08,North,"Monitor 27""",Electronics,Alice Johnson,90.08,51.22,6,CUST-1193,38.86
2024-02-08,West,Laptop Pro,Accessories,Frank Miller,36.59,20.32,2,CUST-1093,16.27
2024-02-08,East,USB-C Hub,Electronics,Frank Miller,124.66,70.69,10,CUST-1017,53.97
2024-02-08,Central,Laptop Pro,Peripherals,David Wilson,101.64,70.09,17,CUST-1163,31.55
2024-02-08,West,USB-C Hub,Peripherals,Frank Miller,197.81,113.68,14,CUST-1277,84.13
2024-02-09,North,USB-C Hub,Peripherals,Frank Miller,187.59,97.68,13,CUST-1014,89.91
2024-02-09,South,Keyboard Mech,Peripherals,Carol Davis,216.96,130.99,16,CUST-1219,85.97
2024-02-10,North,Keyboard Mech,Accessories,Bob Smith,113.31,66.75,2,CUST-1002,46.56
2024-02-10,South,USB-C Hub,Displays,Bob Smith,132.38,84.46,12,CUST-1211,47.92
2024-02-11,East,Laptop Pro,Displays,Carol Davis,91.53,58.78,9,CUST-1083,32.75
2024-02-11,East,Wireless Mouse,Accessories,Alice Johnson,745.47,388.06,8,CUST-1209,357.41
2024-02-11,Central,Laptop Pro,Displays,David Wilson,326.26,185.4,24,CUST-1293,140.86
2024-02-11,West,Wireless Mouse,Electronics,Frank Miller,287.78,172.83,16,CUST-1213,114.95
2024-02-11,South,Keyboard Mech,Accessories,Emma Brown,733.31,403.95,13,CUST-1115,329.36
2024-02-11,South,Laptop Pro,Accessories,Carol Davis,22.35,13.32,11,CUST-1182,9.03
2024-02-12,South,USB-C Hub,Displays,Frank Miller,,35.28,18,CUST-1145,
2024-02-13,West,USB-C Hub,Electronics,David Wilson,116.92,63.16,6,CUST-1236,53.76
2024-02-13,North,Laptop Pro,Accessories,Frank Miller,137.75,72.62,8,CUST-1210,65.13
2024-02-14,East,USB-C Hub,Electronics,David Wilson,78.2,45.75,5,CUST-1110,32.45
2024-02-15,West,"Monitor 27""",Accessories,Bob Smith,28.05,19.05,18,CUST-1104,9.0
2024-02-16,North,Keyboard Mech,Accessories,David Wilson,227.2,128.76,13,CUST-1075,98.44
2024-02-16,West,Laptop Pro,Peripherals,Bob Smith,194.67,125.58,21,CUST-1217,69.09
2024-02-17,North,"Monitor 27""",Electronics,Carol Davis,228.29,157.04,20,CUST-1179,71.25
2024-02-17,East,USB-C Hub,Electronics,Frank Miller,255.89,156.5,16,CUST-1028,99.39
2024-02-18,North,Laptop Pro,Accessories,Frank Miller,179.98,78.8,10,CUST-1287,101.18
2024-02-18,South,Laptop Pro,Displays,Carol Davis,81.04,51.81,19,CUST-1294,29.23
2024-02-19,South,USB-C Hub,Displays,Alice Johnson,119.4,79.75,10,CUST-1086,39.65
2024-02-19,West,Keyboard Mech,Accessories,Alice Johnson,570.6,258.82,1,CUST-1077,311.78
2024-02-20,West,Laptop Pro,Electronics,Bob Smith,130.79,76.2,23,CUST-1238,54.59
2024-02-20,North,"Monitor 27""",Electronics,Carol Davis,147.38,76.2,11,CUST-1208,71.18
2024-02-20,Central,Keyboard Mech,Electronics,Alice Johnson,71.16,35.07,1,CUST-1148,36.09
2024-02-21,West,Wireless Mouse,Peripherals,Frank Miller,137.47,68.11,4,CUST-1115,69.36
2024-02-21,North,Wireless Mouse,Accessories,Bob Smith,237.56,123.72,16,CUST-1054,113.84
2024-02-22,East,Laptop Pro,Accessories,Frank Miller,393.26,246.12,12,CUST-1171,147.14
2024-02-22,West,Keyboard Mech,Displays,Carol Davis,764.25,482.79,24,CUST-1137,281.46
2024-02-22,North,USB-C Hub,Displays,Emma Brown,459.99,274.21,23,CUST-1274,185.78
2024-02-23,North,Wireless Mouse,Accessories,Bob Smith,90.28,58.66,25,CUST-1195,31.62
2024-02-23,South,Keyboard Mech,Peripherals,Emma Brown,131.6,82.8,14,CUST-1207,48.8
2024-02-23,East,Laptop Pro,Accessories,David Wilson,109.55,68.24,22,CUST-1015,41.31
2024-02-23,North,Wireless Mouse,Peripherals,Carol Davis,294.07,191.07,21,CUST-1150,103.0
2024-02-24,East,Laptop Pro,Peripherals,Emma Brown,384.73,265.8,23,CUST-1212,118.93
2024-02-25,North,"Monitor 27""",Electronics,Alice Johnson,165.16,92.43,25,CUST-1251,72.73
2024-02-25,North,Laptop Pro,Accessories,Carol Davis,1.44,190.97,1,CUST-1064,-189.53
2024-02-26,North,Wireless Mouse,Peripherals,Alice Johnson,188.41,121.9,25,CUST-1271,66.51
2024-02-27,West,"Monitor 27""",Accessories,David Wilson,99.03,62.35,12,CUST-1177,36.68
2024-02-27,South,USB-C Hub,Electronics,Emma Brown,18.29,9.6,20,CUST-1283,8.69
2024-02-28,North,"Monitor 27""",Accessories,Frank Miller,136.7,60.73,25,CUST-1148,75.97
2024-02-29,North,"Monitor 27""",Peripherals,Carol Davis,119.04,59.71,10,CUST-1255,59.33
2024-02-29,East,Keyboard Mech,Electronics,David Wilson,144.6,93.06,22,CUST-1113,51.54
2024-02-29,East,Wireless Mouse,Displays,Bob Smith,270.64,140.08,12,CUST-1236,130.56
2024-02-29,Central,"Monitor 27""",Displays,David Wilson,81.06,39.27,17,CUST-1079,41.79
2024-02-29,West,Laptop Pro,Electronics,David Wilson,164.86,82.72,17,CUST-1261,82.14
2024-03-01,East,Keyboard Mech,Electronics,Bob Smith,2180.53,1101.07,23,CUST-1174,1079.46
2024-03-01,South,USB-C Hub,Peripherals,David Wilson,148.42,96.73,2,CUST-1127,51.69
2024-03-01,South,Laptop Pro,Peripherals,Alice Johnson,380.63,221.65,7,CUST-1060,158.98
2024-03-01,West,Wireless Mouse,Accessories,Bob Smith,1393.92,905.88,14,CUST-1090,488.04
2024-03-02,East,Laptop Pro,Peripherals,Frank Miller,140.73,90.57,10,CUST-1002,50.16
2024-03-02,Central,USB-C Hub,Electronics,Bob Smith,274.16,178.4,22,CUST-1244,95.76
2024-03-02,West,"Monitor 27""",Peripherals,Alice Johnson,118.54,73.99,16,CUST-1251,44.55
2024-03-03,North,Wireless Mouse,Accessories,Frank Miller,355.34,150.95,21,CUST-1026,204.39
2024-03-03,North,Laptop Pro,Electronics,Bob Smith,54.49,33.03,21,CUST-1076,21.46
2024-03-03,East,USB-C Hub,Peripherals,David Wilson,376.71,196.64,11,CUST-1083,180.07
2024-03-04,East,Laptop Pro,Peripherals,David Wilson,326.51,216.01,23,CUST-1004,110.5
2024-03-05,North,Wireless Mouse,Electronics,Emma Brown,458.78,,10,CUST-1138,
2024-03-05,,Wireless Mouse,Accessories,Alice Johnson,699.68,417.27,1,CUST-1213,282.41
2024-03-06,South,Wireless Mouse,Displays,David Wilson,428.84,284.97,11,CUST-1295,143.87
2024-03-06,East,Wireless Mouse,Accessories,Alice Johnson,328.93,138.66,20,CUST-1292,190.27
2024-03-07,Central,"Monitor 27""",Accessories,David Wilson,1080.53,607.63,21,CUST-1242,472.9
2024-03-08,North,Laptop Pro,Accessories,Emma Brown,295.18,189.48,22,CUST-1174,105.7
2024-03-08,Central,Wireless Mouse,Accessories,Frank Miller,287.85,133.82,18,CUST-1259,154.03
2024-03-09,East,"Monitor 27""",Accessories,Frank Miller,193.88,107.91,23,CUST-1226,85.97
2024-03-09,Central,Laptop Pro,Peripherals,David Wilson,259.21,139.41,20,CUST-1230,119.8
2024-03-09,North,Laptop Pro,Peripherals,David Wilson,136.16,88.4,2,CUST-1078,47.76
2024-03-09,Central,Keyboard Mech,Electronics,Carol Davis,134.83,82.62,17,CUST-1284,52.21
2024-03-10,East,Keyboard Mech,Displays,Alice Johnson,,84.66,17,CUST-1087,
2024-03-12,East,"Monitor 27""",Accessories,Bob Smith,369.78,221.14,6,CUST-1286,148.64
2024-03-12,Central,USB-C Hub,Accessories,Frank Miller,129.86,54.11,18,CUST-1077,75.75
2024-03-13,West,USB-C Hub,Electronics,Carol Davis,216.29,139.35,17,CUST-1122,76.94
2024-03-13,North,"Monitor 27""",Electronics,David Wilson,132.44,57.37,20,CUST-1075,75.07
2024-03-13,South,Laptop Pro,Accessories,Frank Miller,341.5,180.2,8,CUST-1062,161.3
2024-03-13,East,"Monitor 27""",Electronics,David Wilson,108.56,70.51,17,CUST-1130,38.05
2024-03-13,West,Wireless Mouse,Peripherals,Carol Davis,315.52,146.52,15,CUST-1232,169.0
2024-03-14,North,Laptop Pro,Displays,Alice Johnson,223.29,92.1,6,CUST-1044,131.19
2024-03-14,East,Laptop Pro,Peripherals,Emma Brown,309.23,150.72,13,CUST-1104,158.51
2024-03-16,North,Keyboard Mech,Peripherals,Bob Smith,,240.82,11,CUST-1113,
2024-03-16,South,USB-C Hub,Electronics,Emma Brown,308.54,172.22,6,CUST-1015,136.32
2024-03-18,South,Wireless Mouse,Electronics,Bob Smith,702.93,321.0,5,CUST-1055,381.93
2024-03-21,Central,"Monitor 27""",Displays,Carol Davis,529.11,268.19,15,CUST-1203,260.92
2024-03-22,North,Laptop Pro,Accessories,Alice Johnson,70.08,28.91,18,CUST-1055,41.17
2024-03-22,West,Laptop Pro,Electronics,David Wilson,258.83,140.88,8,CUST-1023,117.95
2024-03-22,South,"Monitor 27""",Accessories,Alice Johnson,235.94,106.38,1,CUST-1026,129.56
2024-03-22,Central,Laptop Pro,Accessories,David Wilson,389.84,248.89,4,CUST-1107,140.95
2024-03-22,South,Laptop Pro,Accessories,Carol Davis,658.64,325.58,4,CUST-1141,333.06
2024-03-23,Central,USB-C Hub,Accessories,Frank Miller,96.13,39.19,13,CUST-1175,56.94
2024-03-24,West,Laptop Pro,Electronics,Emma Brown,566.13,253.3,17,CUST-1082,312.83
2024-03-24,East,Laptop Pro,Electronics,David Wilson,81.81,48.81,8,CUST-1192,33.0
2024-03-24,West,Keyboard Mech,Electronics,Bob Smith,183.34,118.73,25,CUST-1200,64.61
2024-03-24,Central,"Monitor 27""",Electronics,Alice Johnson,281.04,157.43,22,CUST-1007,123.61
2024-03-24,East,USB-C Hub,Peripherals,David Wilson,,210.26,19,CUST-1201,
2024-03-24,South,"Monitor 27""",Electronics,Emma Brown,45.15,25.64,10,CUST-1049,19.51
2024-03-26,South,Laptop Pro,Electronics,Alice Johnson,414.06,250.91,9,CUST-1118,163.15
2024-03-26,South,Wireless Mouse,Electronics,Emma Brown,92.47,55.22,23,CUST-1012,37.25
2024-03-27,East,Keyboard Mech,Displays,Emma Brown,118.86,56.06,11,CUST-1221,62.8
2024-03-27,Central,Laptop Pro,Accessories,Emma Brown,193.64,123.69,19,CUST-1068,69.95
2024-03-27,East,Laptop Pro,Peripherals,Alice Johnson,770.25,319.66,14,CUST-1001,450.59
2024-03-28,South,Laptop Pro,Displays,Alice Johnson,666.75,425.66,25,CUST-1046,241.09
2024-03-28,East,USB-C Hub,Electronics,David Wilson,610.5,360.94,3,CUST-1233,249.56
2024-03-29,South,USB-C Hub,Accessories,Frank Miller,288.51,200.59,8,CUST-1262,87.92
2024-03-29,East,"Monitor 27""",Accessories,Bob Smith,63.34,29.25,10,CUST-1078,34.09
2024-03-30,South,USB-C Hub,Electronics,Bob Smith,2050.0,1025.0,155,CUST-1116,1025.0
2024-03-30,North,Laptop Pro,Electronics,Frank Miller,452.37,262.57,24,CUST-1294,189.8
2024-04-01,South,Wireless Mouse,Peripherals,Emma Brown,998.54,634.39,17,CUST-1251,364.15
2024-04-01,North,Keyboard Mech,Displays,Bob Smith,358.24,179.33,11,CUST-1155,178.91
2024-04-01,North,Wireless Mouse,Peripherals,David Wilson,190.42,101.99,21,CUST-1201,88.43
2024-04-01,South,"Monitor 27""",Peripherals,David Wilson,1203.28,784.45,21,CUST-1074,418.83
2024-04-02,South,Laptop Pro,Displays,Alice Johnson,67.53,35.38,19,CUST-1080,32.15
2024-04-03,East,Keyboard Mech,Accessories,Emma Brown,163.47,75.05,24,CUST-1151,88.42
2024-04-03,West,USB-C Hub,Accessories,Alice Johnson,264.96,173.27,19,CUST-1109,91.69
2024-04-04,West,Wireless Mouse,Electronics,Bob Smith,407.29,189.65,4,CUST-1129,217.64
2024-04-04,Central,Wireless Mouse,Peripherals,David Wilson,151.43,61.97,19,CUST-1115,89.46
2024-04-05,,USB-C Hub,Electronics,David Wilson,55.49,34.17,20,CUST-1203,21.32
2024-04-05,West,Laptop Pro,Electronics,Bob Smith,60.23,,16,CUST-1253,
2024-04-05,East,USB-C Hub,Accessories,Bob Smith,203.95,114.49,2,CUST-1148,89.46
2024-04-05,North,"Monitor 27""",Electronics,David Wilson,301.29,122.92,20,CUST-1288,178.37
2024-04-06,West,"Monitor 27""",Electronics,Bob Smith,,92.4,12,CUST-1005,
2024-04-07,North,Wireless Mouse,Peripherals,Emma Brown,201.55,,7,CUST-1257,
2024-04-07,West,Keyboard Mech,Accessories,Carol Davis,101.18,59.97,7,CUST-1249,41.21
2024-04-07,East,Wireless Mouse,Electronics,Emma Brown,97.07,65.0,10,CUST-1114,32.07
2024-04-07,South,Laptop Pro,Electronics,Carol Davis,231.12,113.86,19,CUST-1020,117.26
2024-04-07,West,Wireless Mouse,Displays,Emma Brown,151.88,97.43,24,CUST-1031,54.45
2024-04-08,South,Wireless Mouse,Peripherals,Alice Johnson,272.91,173.18,4,CUST-1114,99.73
2024-04-08,North,Wireless Mouse,Accessories,Frank Miller,615.31,295.66,25,CUST-1133,319.65
2024-04-08,East,Keyboard Mech,Electronics,David Wilson,115.24,63.28,24,CUST-1064,51.96
2024-04-08,North,USB-C Hub,Peripherals,Alice Johnson,461.06,294.74,5,CUST-1267,166.32
2024-04-09,North,Laptop Pro,Accessories,David Wilson,523.01,260.04,1,CUST-1114,262.97
2024-04-10,South,Wireless Mouse,Electronics,Emma Brown,166.06,79.43,23,CUST-1284,86.63
2024-04-10,East,Laptop Pro,Accessories,Bob Smith,254.41,146.98,23,CUST-1070,107.43
2024-04-10,Central,Wireless Mouse,Displays,Alice Johnson,673.31,385.2,19,CUST-1063,288.11
2024-04-11,North,Wireless Mouse,Electronics,Frank Miller,282.37,113.45,2,CUST-1219,168.92
2024-04-11,East,Laptop Pro,Displays,Alice Johnson,694.46,424.76,21,CUST-1162,269.7
2024-04-12,Central,USB-C Hub,Peripherals,Frank Miller,147.95,76.7,3,CUST-1201,71.25
2024-04-12,South,Laptop Pro,Displays,Alice Johnson,410.99,264.28,16,CUST-1036,146.71
2024-04-13,South,Laptop Pro,Electronics,Bob Smith,277.75,120.56,10,CUST-1170,157.19
2024-04-13,East,USB-C Hub,Displays,Alice Johnson,71.05,30.26,21,CUST-1050,40.79
2024-04-13,North,Laptop Pro,Accessories,Bob Smith,1161.25,616.34,22,CUST-1228,544.91
2024-04-16,West,USB-C Hub,Peripherals,Alice Johnson,225.07,138.46,20,CUST-1043,86.61
2024-04-17,South,Wireless Mouse,Accessories,Alice Johnson,301.31,149.29,7,CUST-1228,152.02
2024-04-17,West,Keyboard Mech,Accessories,Alice Johnson,166.01,102.96,10,CUST-1090,63.05
2024-04-17,West,Laptop Pro,Electronics,Frank Miller,86.52,48.7,16,CUST-1005,37.82
2024-04-17,South,"Monitor 27""",Peripherals,David Wilson,169.97,76.66,22,CUST-1193,93.31
2024-04-18,East,Keyboard Mech,Accessories,Carol Davis,88.19,55.31,13,CUST-1045,32.88
2024-04-19,East,USB-C Hub,Electronics,Carol Davis,196.85,123.95,21,CUST-1293,72.9
2024-04-19,North,"Monitor 27""",Peripherals,Alice Johnson,425.42,235.54,20,CUST-1295,189.88
2024-04-20,West,Wireless Mouse,Electronics,Bob Smith,156.87,91.94,10,CUST-1016,64.93
2024-04-21,South,Laptop Pro,Electronics,David Wilson,125.4,80.01,7,CUST-1071,45.39
2024-04-21,East,Laptop Pro,Accessories,Frank Miller,992.81,694.64,24,CUST-1279,298.17
2024-04-22,East,USB-C Hub,Electronics,Alice Johnson,50.54,23.68,25,CUST-1124,26.86
2024-04-22,North,Laptop Pro,Peripherals,Carol Davis,186.84,85.82,15,CUST-1167,101.02
2024-04-22,North,USB-C Hub,Electronics,Frank Miller,102.21,66.84,5,CUST-1082,35.37
2024-04-22,North,Keyboard Mech,Accessories,David Wilson,212.75,143.84,14,CUST-1165,68.91
2024-04-22,West,"Monitor 27""",Peripherals,Alice Johnson,579.58,390.38,25,CUST-1291,189.2
2024-04-22,North,USB-C Hub,Accessories,Frank Miller,,80.61,16,CUST-1209,
2024-04-23,West,USB-C Hub,Displays,Frank Miller,1167.95,583.97,81,CUST-1164,583.98
2024-04-23,South,Laptop Pro,Peripherals,Carol Davis,303.11,122.94,15,CUST-1078,180.17
2024-04-24,Central,USB-C Hub,Peripherals,Alice Johnson,233.47,115.29,9,CUST-1105,118.18
2024-04-24,South,USB-C Hub,Displays,Bob Smith,186.15,105.69,4,CUST-1272,80.46
2024-04-25,East,"Monitor 27""",Peripherals,Frank Miller,79.48,32.22,22,CUST-1207,47.26
2024-04-25,South,Keyboard Mech,Peripherals,Frank Miller,149.58,74.11,19,CUST-1195,75.47
2024-04-25,North,Keyboard Mech,Accessories,David Wilson,364.21,186.89,7,CUST-1114,177.32
2024-04-26,East,"Monitor 27""",Peripherals,Bob Smith,143.38,61.95,25,CUST-1244,81.43
2024-04-26,South,USB-C Hub,Peripherals,Carol Davis,1027.74,513.87,108,CUST-1273,513.87
2024-04-26,East,Wireless Mouse,Electronics,Carol Davis,413.6,252.4,9,CUST-1123,161.2
2024-04-27,East,Laptop Pro,Accessories,Frank Miller,332.82,145.14,16,CUST-1146,187.68
2024-04-27,North,Wireless Mouse,Accessories,David Wilson,155.46,85.16,9,CUST-1297,70.3
2024-04-28,South,Laptop Pro,Displays,Emma Brown,262.86,105.82,5,CUST-1146,157.04
2024-04-29,West,USB-C Hub,Displays,Alice Johnson,82.68,50.84,18,CUST-1140,31.84
2024-04-29,West,"Monitor 27""",Electronics,David Wilson,745.33,299.76,3,CUST-1152,445.57
2024-04-29,North,Laptop Pro,Peripherals,Emma Brown,1243.09,741.92,24,CUST-1178,501.17
2024-04-30,North,Wireless Mouse,Peripherals,Bob Smith,465.32,323.62,11,CUST-1043,141.7
2024-04-30,West,"Monitor 27""",Electronics,David Wilson,473.53,262.34,23,CUST-1034,211.19
2024-04-30,North,Laptop Pro,Electronics,Bob Smith,262.62,122.66,6,CUST-1120,139.96
2024-05-01,South,Wireless Mouse,Accessories,David Wilson,162.07,72.64,18,CUST-1236,89.43
2024-05-02,West,Wireless Mouse,Peripherals,Bob Smith,289.17,181.97,18,CUST-1190,107.2
2024-05-02,Central,"Monitor 27""",Accessories,Frank Miller,328.46,198.37,9,CUST-1056,130.09
2024-05-03,North,Laptop Pro,Peripherals,David Wilson,257.18,103.16,7,CUST-1272,154.02
2024-05-03,South,"Monitor 27""",Electronics,David Wilson,99.16,65.23,12,CUST-1203,33.93
2024-05-05,North,Laptop Pro,Electronics,Carol Davis,440.25,246.75,18,CUST-1251,193.5
2024-05-06,South,Laptop Pro,Accessories,Carol Davis,474.1,297.65,24,CUST-1248,176.45
2024-05-07,North,Wireless Mouse,Peripherals,Bob Smith,833.83,511.83,24,CUST-1231,322.0
2024-05-07,South,Keyboard Mech,Displays,Frank Miller,338.69,195.19,13,CUST-1278,143.5
2024-05-07,North,Laptop Pro,Accessories,Alice Johnson,160.99,65.47,3,CUST-1015,95.52
2024-05-08,Central,USB-C Hub,Peripherals,Frank Miller,195.65,118.0,6,CUST-1008,77.65
2024-05-08,South,Laptop Pro,Electronics,David Wilson,600.1,,142,CUST-1160,
2024-05-08,West,Laptop Pro,Accessories,Carol Davis,127.49,57.34,2,CUST-1134,70.15
2024-05-08,South,USB-C Hub,Electronics,Bob Smith,383.88,250.95,4,CUST-1289,132.93
2024-05-08,East,Wireless Mouse,Displays,Carol Davis,91.45,42.23,21,CUST-1270,49.22
2024-05-08,North,Laptop Pro,Electronics,Carol Davis,309.91,179.87,5,CUST-1213,130.04
2024-05-09,Central,USB-C Hub,Electronics,Frank Miller,139.86,88.35,15,CUST-1196,51.51
2024-05-09,North,USB-C Hub,Electronics,Alice Johnson,281.86,133.04,25,CUST-1275,148.82
2024-05-10,West,Laptop Pro,Accessories,Alice Johnson,328.09,,19,CUST-1180,
2024-05-10,East,Keyboard Mech,Electronics,Emma Brown,187.32,103.15,2,CUST-1242,84.17
2024-05-10,East,"Monitor 27""",Peripherals,Alice Johnson,392.91,173.28,19,CUST-1106,219.63
2024-05-10,South,Wireless Mouse,Peripherals,Carol Davis,120.24,62.6,10,CUST-1020,57.64
2024-05-10,East,USB-C Hub,Electronics,Emma Brown,181.29,117.41,23,CUST-1295,63.88
2024-05-11,North,USB-C Hub,Electronics,Carol Davis,7852.35,3926.17,183,CUST-1248,3926.18
2024-05-11,North,Wireless Mouse,Displays,Alice Johnson,432.57,282.45,25,CUST-1233,150.12
2024-05-12,East,USB-C Hub,Displays,Alice Johnson,88.71,37.78,17,CUST-1008,50.93
2024-05-13,East,Laptop Pro,Displays,Emma Brown,552.93,229.97,15,CUST-1111,322.96
2024-05-13,Central,Keyboard Mech,Displays,Frank Miller,335.41,209.42,15,CUST-1009,125.99
2024-05-14,West,Wireless Mouse,Accessories,Emma Brown,1652.77,748.18,11,CUST-1253,904.59
2024-05-15,,USB-C Hub,Electronics,Carol Davis,166.02,78.71,10,CUST-1097,87.31
2024-05-15,South,Wireless Mouse,Displays,Frank Miller,188.0,107.02,10,CUST-1226,80.98
2024-05-15,East,USB-C Hub,Electronics,David Wilson,245.92,139.2,5,CUST-1050,106.72
2024-05-15,East,Keyboard Mech,Electronics,David Wilson,947.15,490.95,7,CUST-1170,456.2
2024-05-16,West,Laptop Pro,Peripherals,David Wilson,572.91,321.16,11,CUST-1087,251.75
2024-05-16,North,Wireless Mouse,Peripherals,David Wilson,710.93,343.76,17,CUST-1153,367.17
2024-05-17,South,"Monitor 27""",Electronics,Bob Smith,189.99,110.55,17,CUST-1034,79.44
2024-05-20,South,USB-C Hub,Accessories,Emma Brown,204.55,115.88,11,CUST-1038,88.67
2024-05-21,North,Wireless Mouse,Electronics,Carol Davis,231.07,,4,CUST-1177,
2024-05-21,North,Wireless Mouse,Accessories,David Wilson,276.25,162.04,2,CUST-1254,114.21
2024-05-22,West,Laptop Pro,Peripherals,Bob Smith,130.38,71.93,12,CUST-1205,58.45
2024-05-22,North,Wireless Mouse,Displays,Alice Johnson,239.21,165.2,1,CUST-1081,74.01
2024-05-22,West,Laptop Pro,Accessories,David Wilson,228.46,151.27,7,CUST-1182,77.19
2024-05-22,North,Wireless Mouse,Peripherals,Bob Smith,33.5,18.1,21,CUST-1078,15.4
2024-05-23,West,Laptop Pro,Displays,Frank Miller,234.61,93.94,10,CUST-1257,140.67
2024-05-23,South,USB-C Hub,Electronics,Frank Miller,977.77,428.53,3,CUST-1076,549.24
2024-05-24,East,Wireless Mouse,Peripherals,Carol Davis,296.44,171.57,2,CUST-1293,124.87
2024-05-24,South,Laptop Pro,Electronics,Bob Smith,220.05,138.13,8,CUST-1017,81.92
2024-05-24,West,USB-C Hub,Peripherals,Frank Miller,414.01,238.71,9,CUST-1007,175.3
2024-05-25,East,Wireless Mouse,Peripherals,Alice Johnson,1900.84,832.46,13,CUST-1276,1068.38
2024-05-25,,USB-C Hub,Electronics,Emma Brown,322.3,186.8,12,CUST-1156,135.5
2024-05-25,South,"Monitor 27""",Displays,Bob Smith,353.7,226.75,12,CUST-1079,126.95
2024-05-25,West,Laptop Pro,Electronics,Carol Davis,181.77,94.24,12,CUST-1120,87.53
2024-05-26,North,Wireless Mouse,Peripherals,Alice Johnson,412.1,238.38,3,CUST-1043,173.72
2024-05-26,Central,USB-C Hub,Electronics,Bob Smith,687.94,286.68,13,CUST-1233,401.26
2024-05-26,East,Laptop Pro,Electronics,Carol Davis,161.81,98.26,23,CUST-1219,63.55
2024-05-27,North,"Monitor 27""",Electronics,Bob Smith,79.87,32.15,12,CUST-1104,47.72
2024-05-27,West,Laptop Pro,Electronics,David Wilson,179.24,116.55,20,CUST-1073,62.69
2024-05-27,North,Keyboard Mech,Peripherals,Emma Brown,322.54,189.49,11,CUST-1120,133.05
2024-05-28,East,Laptop Pro,Electronics,Frank Miller,167.29,103.41,10,CUST-1045,63.88
2024-05-28,South,Laptop Pro,Electronics,Frank Miller,116.32,64.45,20,CUST-1238,51.87
2024-05-28,West,USB-C Hub,Electronics,Carol Davis,716.74,369.57,2,CUST-1180,347.17
2024-05-29,South,Wireless Mouse,Electronics,Emma Brown,124.51,71.36,18,CUST-1009,53.15
2024-05-29,North,Wireless Mouse,Peripherals,David Wilson,632.9,306.73,14,CUST-1163,326.17
2024-05-30,East,"Monitor 27""",Electronics,Bob Smith,199.81,111.25,8,CUST-1029,88.56
2024-05-30,North,Laptop Pro,Accessories,Alice Johnson,388.45,174.35,25,CUST-1006,214.1
2024-05-31,North,Laptop Pro,Accessories,Frank Miller,712.67,379.99,15,CUST-1105,332.68
2024-05-31,North,Wireless Mouse,Displays,Alice Johnson,1318.59,847.47,19,CUST-1107,471.12
2024-06-01,East,Wireless Mouse,Peripherals,Alice Johnson,369.88,160.94,8,CUST-1079,208.94
2024-06-01,South,USB-C Hub,Displays,Alice Johnson,455.49,308.84,7,CUST-1282,146.65
2024-06-01,North,USB-C Hub,Accessories,Emma Brown,129.65,88.51,19,CUST-1171,41.14
2024-06-02,West,"Monitor 27""",Electronics,Bob Smith,248.54,102.0,12,CUST-1013,146.54
2024-06-02,East,Wireless Mouse,Accessories,David Wilson,1388.49,898.49,6,CUST-1174,490.0
2024-06-02,North,Laptop Pro,Peripherals,Frank Miller,444.41,255.55,4,CUST-1106,188.86
2024-06-03,West,Wireless Mouse,Electronics,Emma Brown,295.41,158.89,20,CUST-1217,136.52
2024-06-04,South,Laptop Pro,Peripherals,Frank Miller,293.81,154.38,18,CUST-1289,139.43
2024-06-04,South,USB-C Hub,Electronics,Alice Johnson,64.22,29.74,21,CUST-1132,34.48
2024-06-05,Central,Laptop Pro,Electronics,Bob Smith,152.67,62.13,21,CUST-1171,90.54
2024-06-05,South,USB-C Hub,Peripherals,Alice Johnson,289.95,163.48,3,CUST-1268,126.47
2024-06-05,West,Wireless Mouse,Accessories,Carol Davis,183.72,,16,CUST-1022,
2024-06-05,East,Laptop Pro,Peripherals,Emma Brown,119.68,63.4,4,CUST-1178,56.28
2024-06-06,North,Keyboard Mech,Accessories,David Wilson,1716.21,725.93,10,CUST-1052,990.28
2024-06-06,Central,USB-C Hub,Accessories,Alice Johnson,160.6,94.59,24,CUST-1024,66.01
2024-06-06,East,"Monitor 27""",Electronics,Carol Davis,356.97,144.7,12,CUST-1255,212.27
2024-06-06,East,"Monitor 27""",Peripherals,Emma Brown,172.26,108.96,11,CUST-1178,63.3
2024-06-06,South,Wireless Mouse,Electronics,Bob Smith,61.37,31.18,24,CUST-1106,30.19
2024-06-07,East,USB-C Hub,Peripherals,Alice Johnson,694.47,449.2,1,CUST-1162,245.27
2024-06-07,East,Wireless Mouse,Peripherals,Carol Davis,362.1,181.66,2,CUST-1181,180.44
2024-06-08,North,Keyboard Mech,Electronics,David Wilson,308.82,165.03,24,CUST-1193,143.79
2024-06-08,South,USB-C Hub,Accessories,David Wilson,565.06,275.61,22,CUST-1040,289.45
2024-06-08,South,Laptop Pro,Electronics,Carol Davis,137.98,72.56,7,CUST-1021,65.42
2024-06-08,North,Wireless Mouse,Electronics,Frank Miller,192.23,131.83,24,CUST-1085,60.4
2024-06-08,South,Laptop Pro,Displays,Carol Davis,518.56,301.1,18,CUST-1046,217.46
2024-06-08,West,Laptop Pro,Peripherals,Emma Brown,181.84,96.8,23,CUST-1173,85.04
2024-06-09,West,Laptop Pro,Accessories,David Wilson,299.57,145.67,10,CUST-1265,153.9
2024-06-09,East,Wireless Mouse,Electronics,Emma Brown,234.61,150.03,8,CUST-1123,84.58
2024-06-09,East,"Monitor 27""",Electronics,David Wilson,330.45,187.93,2,CUST-1198,142.52
2024-06-10,West,Wireless Mouse,Electronics,Emma Brown,339.88,182.27,6,CUST-1200,157.61
2024-06-11,Central,Wireless Mouse,Peripherals,Alice Johnson,183.17,82.87,13,CUST-1295,100.3
2024-06-11,South,"Monitor 27""",Displays,Bob Smith,301.38,153.83,19,CUST-1217,147.55
2024-06-12,West,Laptop Pro,Electronics,Bob Smith,411.99,186.98,14,CUST-1103,225.01
2024-06-12,North,Wireless Mouse,Accessories,Emma Brown,243.61,128.13,15,CUST-1066,115.48
2024-06-12,Central,Wireless Mouse,Accessories,David Wilson,290.13,133.09,21,CUST-1268,157.04
2024-06-13,South,USB-C Hub,Electronics,Emma Brown,302.41,141.31,24,CUST-1195,161.1
2024-06-14,North,Laptop Pro,Electronics,Bob Smith,1454.69,774.23,2,CUST-1000,680.46
2024-06-15,North,"Monitor 27""",Electronics,Carol Davis,47.99,29.52,22,CUST-1183,18.47
2024-06-16,North,Wireless Mouse,Accessories,Bob Smith,250.82,157.57,19,CUST-1112,93.25
2024-06-17,East,USB-C Hub,Peripherals,David Wilson,148.36,79.74,9,CUST-1252,68.62
2024-06-18,North,Laptop Pro,Peripherals,David Wilson,205.7,108.42,18,CUST-1084,97.28
2024-06-18,East,Keyboard Mech,Displays,Alice Johnson,749.91,505.69,2,CUST-1226,244.22
2024-06-19,East,Laptop Pro,Peripherals,David Wilson,423.25,206.67,11,CUST-1271,216.58
2024-06-20,West,Laptop Pro,Peripherals,Carol Davis,542.95,290.21,9,CUST-1045,252.74
2024-06-21,West,USB-C Hub,Electronics,Bob Smith,270.83,173.56,3,CUST-1119,97.27
2024-06-21,Central,Wireless Mouse,Accessories,Frank Miller,204.28,103.99,22,CUST-1283,100.29
2024-06-21,North,Wireless Mouse,Electronics,Frank Miller,128.39,62.22,19,CUST-1241,66.17
2024-06-21,South,USB-C Hub,Electronics,David Wilson,,306.99,24,CUST-1076,
2024-06-21,,USB-C Hub,Electronics,David Wilson,238.23,165.77,18,CUST-1039,72.46
2024-06-21,East,USB-C Hub,Peripherals,Bob Smith,172.93,81.63,6,CUST-1214,91.3
2024-06-22,North,USB-C Hub,Electronics,Bob Smith,157.01,71.19,3,CUST-1058,85.82
2024-06-22,South,Wireless Mouse,Peripherals,Bob Smith,290.75,145.02,7,CUST-1061,145.73
2024-06-22,East,Laptop Pro,Electronics,Bob Smith,123.49,59.16,12,CUST-1164,64.33
2024-06-23,East,USB-C Hub,Peripherals,Bob Smith,280.86,176.95,17,CUST-1241,103.91
2024-06-23,West,"Monitor 27""",Electronics,Bob Smith,152.17,103.54,5,CUST-1065,48.63
2024-06-25,North,Keyboard Mech,Accessories,Bob Smith,,30.29,3,CUST-1093,
2024-06-25,South,Wireless Mouse,Electronics,Emma Brown,502.18,344.49,15,CUST-1279,157.69
2024-06-26,East,USB-C Hub,Peripherals,Frank Miller,139.42,90.72,12,CUST-1151,48.7
2024-06-26,West,"Monitor 27""",Accessories,Alice Johnson,59.42,33.09,18,CUST-1101,26.33
2024-06-26,West,USB-C Hub,Electronics,Alice Johnson,88.67,42.54,24,CUST-1218,46.13
2024-06-27,North,Wireless Mouse,Electronics,Alice Johnson,95.66,43.96,19,CUST-1018,51.7
2024-06-28,South,USB-C Hub,Electronics,Bob Smith,160.8,94.54,9,CUST-1247,66.26
2024-06-28,West,"Monitor 27""",Electronics,Frank Miller,295.49,144.15,3,CUST-1253,151.34
2024-06-28,North,Keyboard Mech,Accessories,Emma Brown,293.29,122.94,23,CUST-1281,170.35
2024-06-28,Central,Laptop Pro,Displays,Carol Davis,156.23,69.62,17,CUST-1028,86.61
2024-06-28,East,Wireless Mouse,Electronics,Bob Smith,659.74,321.78,23,CUST-1102,337.96
2024-06-29,North,USB-C Hub,Peripherals,Emma Brown,907.72,603.84,10,CUST-1167,303.88
2024-06-29,East,Wireless Mouse,Peripherals,Bob Smith,94.86,41.12,20,CUST-1277,53.74
2024-06-29,South,Wireless Mouse,Electronics,Bob Smith,126.07,60.87,4,CUST-1230,65.2
2024-06-30,North,Laptop Pro,Electronics,Emma Brown,136.22,58.67,2,CUST-1026,77.55
2024-07-01,North,"Monitor 27""",Electronics,Alice Johnson,340.43,209.92,16,CUST-1111,130.51
2024-07-01,West,Laptop Pro,Electronics,Carol Davis,156.91,109.23,6,CUST-1106,47.68
2024-07-02,North,Keyboard Mech,Accessories,Alice Johnson,386.2,169.78,24,CUST-1071,216.42
2024-07-03,West,Keyboard Mech,Displays,David Wilson,210.86,106.39,18,CUST-1182,104.47
2024-07-05,South,Laptop Pro,Displays,David Wilson,65.7,26.45,9,CUST-1186,39.25
2024-07-05,East,Laptop Pro,Electronics,Carol Davis,151.92,91.27,18,CUST-1208,60.65
2024-07-06,South,Laptop Pro,Accessories,Alice Johnson,388.39,257.5,2,CUST-1040,130.89
2024-07-06,East,USB-C Hub,Displays,Alice Johnson,353.57,189.38,13,CUST-1250,164.19
2024-07-07,East,Laptop Pro,Peripherals,Carol Davis,162.79,89.55,19,CUST-1209,73.24
2024-07-08,West,Laptop Pro,Electronics,Emma Brown,1042.57,524.64,12,CUST-1190,517.93
2024-07-08,East,USB-C Hub,Accessories,Emma Brown,334.69,187.24,7,CUST-1192,147.45
2024-07-08,North,Laptop Pro,Peripherals,Frank Miller,121.53,58.08,25,CUST-1261,63.45
2024-07-09,North,"Monitor 27""",Displays,Bob Smith,428.27,280.62,19,CUST-1175,147.65
2024-07-09,West,Wireless Mouse,Electronics,Bob Smith,104.91,68.94,15,CUST-1081,35.97
2024-07-10,North,Wireless Mouse,Electronics,David Wilson,116.34,48.84,4,CUST-1034,67.5
2024-07-10,Central,USB-C Hub,Electronics,Frank Miller,106.91,67.65,11,CUST-1158,39.26
2024-07-10,South,Wireless Mouse,Peripherals,Emma Brown,,358.17,1,CUST-1253,
2024-07-10,East,Wireless Mouse,Electronics,Emma Brown,,573.3,16,CUST-1166,
2024-07-10,North,Wireless Mouse,Accessories,David Wilson,482.72,294.81,18,CUST-1115,187.91
2024-07-11,North,Keyboard Mech,Accessories,Frank Miller,185.65,96.08,25,CUST-1287,89.57
2024-07-12,North,Wireless Mouse,Peripherals,Frank Miller,290.49,188.71,3,CUST-1017,101.78
2024-07-12,East,Wireless Mouse,Electronics,Bob Smith,383.96,261.99,1,CUST-1174,121.97
2024-07-14,North,Wireless Mouse,Peripherals,Bob Smith,181.18,108.44,22,CUST-1052,72.74
2024-07-15,Central,Wireless Mouse,Accessories,Emma Brown,81.98,52.9,18,CUST-1127,29.08
2024-07-15,West,USB-C Hub,Displays,Alice Johnson,141.21,57.04,19,CUST-1012,84.17
2024-07-16,South,USB-C Hub,Accessories,Carol Davis,530.09,229.1,15,CUST-1046,300.99
2024-07-17,West,Keyboard Mech,Peripherals,Emma Brown,199.61,129.23,1,CUST-1014,70.38
2024-07-18,West,Laptop Pro,Electronics,Alice Johnson,168.38,76.88,2,CUST-1130,91.5
2024-07-18,Central,Keyboard Mech,Accessories,Alice Johnson,191.39,80.54,7,CUST-1232,110.85
2024-07-19,North,USB-C Hub,Electronics,Frank Miller,103.66,64.32,17,CUST-1062,39.34
2024-07-19,East,USB-C Hub,Electronics,Bob Smith,178.05,119.71,10,CUST-1257,58.34
2024-07-19,North,Wireless Mouse,Electronics,Bob Smith,40.61,27.99,7,CUST-1080,12.62
2024-07-19,North,USB-C Hub,Electronics,Carol Davis,131.99,68.46,25,CUST-1078,63.53
2024-07-20,East,Laptop Pro,Electronics,Alice Johnson,305.84,199.82,15,CUST-1067,106.02
2024-07-21,West,Laptop Pro,Accessories,Emma Brown,753.04,443.85,10,CUST-1048,309.19
2024-07-21,North,Laptop Pro,Accessories,Alice Johnson,136.49,93.63,23,CUST-1265,42.86
2024-07-21,Central,Laptop Pro,Electronics,Carol Davis,716.49,325.2,21,CUST-1022,391.29
2024-07-22,North,USB-C Hub,Accessories,Bob Smith,184.79,110.73,5,CUST-1066,74.06
2024-07-22,West,Wireless Mouse,Accessories,David Wilson,285.26,168.37,4,CUST-1268,116.89
2024-07-23,East,Wireless Mouse,Peripherals,Carol Davis,163.15,65.84,11,CUST-1052,97.31
2024-07-23,North,USB-C Hub,Electronics,Emma Brown,575.09,318.45,19,CUST-1063,256.64
2024-07-24,East,USB-C Hub,Displays,Carol Davis,173.6,75.32,9,CUST-1160,98.28
2024-07-24,North,"Monitor 27""",Electronics,Bob Smith,118.97,56.82,15,CUST-1014,62.15
2024-07-25,Central,Laptop Pro,Peripherals,Bob Smith,183.2,127.54,6,CUST-1016,55.66
2024-07-26,West,"Monitor 27""",Accessories,Emma Brown,264.52,180.74,7,CUST-1116,83.78
2024-07-26,East,USB-C Hub,Electronics,Alice Johnson,48.72,32.17,4,CUST-1151,16.55
2024-07-26,South,USB-C Hub,Peripherals,Frank Miller,554.03,258.99,23,CUST-1270,295.04
2024-07-26,North,"Monitor 27""",Accessories,Alice Johnson,92.15,42.07,16,CUST-1067,50.08
2024-07-27,North,Laptop Pro,Peripherals,Carol Davis,400.63,275.31,19,CUST-1280,125.32
2024-07-27,East,Laptop Pro,Electronics,Frank Miller,261.5,,8,CUST-1089,
2024-07-27,North,USB-C Hub,Peripherals,Alice Johnson,258.96,134.61,12,CUST-1259,124.35
2024-07-28,North,"Monitor 27""",Accessories,Bob Smith,294.26,152.89,4,CUST-1287,141.37
2024-07-28,East,Wireless Mouse,Accessories,Carol Davis,592.3,238.39,4,CUST-1119,353.91
2024-07-28,West,Laptop Pro,Accessories,Emma Brown,677.39,278.38,18,CUST-1256,399.01
2024-07-31,West,"Monitor 27""",Electronics,David Wilson,821.92,426.84,1,CUST-1230,395.08
2024-07-31,North,USB-C Hub,Electronics,Carol Davis,46.59,29.42,21,CUST-1267,17.17
2024-07-31,West,Laptop Pro,Peripherals,Emma Brown,449.54,252.34,12,CUST-1141,197.2
2024-08-01,North,"Monitor 27""",Peripherals,Emma Brown,112.58,68.61,12,CUST-1132,43.97
2024-08-01,South,Keyboard Mech,Electronics,Bob Smith,261.58,145.01,23,CUST-1161,116.57
2024-08-02,North,Wireless Mouse,Displays,Emma Brown,183.23,76.64,1,CUST-1066,106.59
2024-08-03,West,USB-C Hub,Accessories,Bob Smith,162.38,85.45,15,CUST-1070,76.93
2024-08-03,North,"Monitor 27""",Peripherals,Bob Smith,294.78,142.41,17,CUST-1145,152.37
2024-08-03,South,Laptop Pro,Peripherals,Carol Davis,319.48,139.14,4,CUST-1204,180.34
2024-08-04,North,Wireless Mouse,Peripherals,Bob Smith,613.19,393.3,8,CUST-1211,219.89
2024-08-04,East,Laptop Pro,Displays,Bob Smith,356.63,197.37,3,CUST-1059,159.26
2024-08-04,Central,Laptop Pro,Peripherals,Bob Smith,35.84,22.52,24,CUST-1125,13.32
2024-08-05,North,Wireless Mouse,Electronics,Carol Davis,86.14,48.22,5,CUST-1252,37.92
2024-08-05,East,USB-C Hub,Electronics,David Wilson,126.59,53.94,25,CUST-1203,72.65
2024-08-06,North,USB-C Hub,Electronics,Carol Davis,175.37,79.31,11,CUST-1243,96.06
2024-08-07,South,Laptop Pro,Displays,David Wilson,251.82,108.17,19,CUST-1221,143.65
2024-08-07,North,Laptop Pro,Electronics,Frank Miller,487.61,340.12,4,CUST-1227,147.49
2024-08-09,East,Wireless Mouse,Electronics,Carol Davis,238.48,109.12,25,CUST-1056,129.36
2024-08-09,Central,Laptop Pro,Displays,Alice Johnson,319.57,162.79,8,CUST-1164,156.78
2024-08-09,West,Laptop Pro,Electronics,Frank Miller,167.41,112.39,11,CUST-1177,55.02
2024-08-10,South,Wireless Mouse,Electronics,Bob Smith,409.1,225.94,10,CUST-1150,183.16
2024-08-10,West,USB-C Hub,Accessories,Bob Smith,290.17,158.52,12,CUST-1145,131.65
2024-08-10,,"Monitor 27""",Accessories,Emma Brown,347.43,189.36,18,CUST-1208,158.07
2024-08-11,North,Keyboard Mech,Electronics,Carol Davis,207.2,137.38,10,CUST-1273,69.82
2024-08-12,South,USB-C Hub,Accessories,Emma Brown,323.55,216.44,18,CUST-1241,107.11
2024-08-12,North,"Monitor 27""",Peripherals,Alice Johnson,52.48,24.96,20,CUST-1082,27.52
2024-08-13,South,USB-C Hub,Peripherals,Frank Miller,168.66,107.48,16,CUST-1272,61.18
2024-08-13,West,"Monitor 27""",Peripherals,David Wilson,344.44,194.24,5,CUST-1070,150.2
2024-08-13,Central,USB-C Hub,Accessories,Emma Brown,125.24,56.42,25,CUST-1079,68.82
2024-08-13,East,USB-C Hub,Electronics,Emma Brown,101.85,53.76,12,CUST-1002,48.09
2024-08-13,North,"Monitor 27""",Displays,David Wilson,775.16,505.65,10,CUST-1294,269.51
2024-08-13,South,Keyboard Mech,Electronics,David Wilson,126.53,82.53,7,CUST-1139,44.0
2024-08-14,North,Laptop Pro,Electronics,Emma Brown,193.29,134.41,8,CUST-1052,58.88
2024-08-14,North,Laptop Pro,Peripherals,Bob Smith,221.81,88.83,9,CUST-1031,132.98
2024-08-14,East,USB-C Hub,Electronics,Emma Brown,224.56,143.67,1,CUST-1064,80.89
2024-08-14,Central,Wireless Mouse,Accessories,David Wilson,293.67,190.78,6,CUST-1094,102.89
2024-08-15,North,"Monitor 27""",Electronics,David Wilson,286.7,135.46,22,CUST-1096,151.24
2024-08-15,West,Laptop Pro,Displays,David Wilson,453.31,264.99,20,CUST-1179,188.32
2024-08-15,West,"Monitor 27""",Electronics,Emma Brown,510.54,309.78,24,CUST-1240,200.76
2024-08-15,Central,Laptop Pro,Accessories,Emma Brown,71.29,34.21,23,CUST-1034,37.08
2024-08-16,West,Laptop Pro,Electronics,Emma Brown,117.41,75.7,12,CUST-1001,41.71
2024-08-16,North,Laptop Pro,Peripherals,Emma Brown,513.07,229.9,12,CUST-1039,283.17
2024-08-16,West,USB-C Hub,Peripherals,Carol Davis,152.95,106.08,24,CUST-1106,46.87
2024-08-17,South,USB-C Hub,Electronics,Emma Brown,133.18,76.85,20,CUST-1168,56.33
2024-08-18,North,Wireless Mouse,Displays,Bob Smith,231.15,110.58,23,CUST-1012,120.57
2024-08-18,South,Laptop Pro,Accessories,Bob Smith,137.97,88.96,12,CUST-1248,49.01
2024-08-18,East,Laptop Pro,Electronics,Emma Brown,298.18,148.21,22,CUST-1203,149.97
2024-08-18,North,Wireless Mouse,Electronics,Alice Johnson,145.47,73.06,8,CUST-1022,72.41
2024-08-19,South,Laptop Pro,Electronics,Alice Johnson,636.39,286.5,20,CUST-1013,349.89
2024-08-19,East,Laptop Pro,Peripherals,Emma Brown,468.59,269.8,5,CUST-1078,198.79
2024-08-19,East,Keyboard Mech,Accessories,Bob Smith,400.02,163.35,5,CUST-1085,236.67
2024-08-20,West,"Monitor 27""",Peripherals,Bob Smith,395.58,194.99,25,CUST-1104,200.59
2024-08-20,West,Laptop Pro,Electronics,Carol Davis,100.88,52.66,25,CUST-1156,48.22
2024-08-20,Central,Wireless Mouse,Electronics,Alice Johnson,468.11,193.05,10,CUST-1028,275.06
2024-08-22,West,Wireless Mouse,Accessories,Alice Johnson,108.28,45.9,18,CUST-1285,62.38
2024-08-23,North,USB-C Hub,Accessories,Frank Miller,454.18,247.17,17,CUST-1013,207.01
2024-08-23,Central,USB-C Hub,Electronics,Bob Smith,1189.37,488.97,3,CUST-1251,700.4
2024-08-23,Central,Laptop Pro,Peripherals,Carol Davis,986.16,512.46,16,CUST-1204,473.7
2024-08-24,West,Wireless Mouse,Accessories,David Wilson,801.7,387.51,3,CUST-1071,414.19
2024-08-24,North,USB-C Hub,Electronics,Carol Davis,284.29,127.5,25,CUST-1159,156.79
2024-08-25,North,Wireless Mouse,Electronics,Frank Miller,134.42,73.67,13,CUST-1167,60.75
2024-08-25,West,Wireless Mouse,Accessories,Bob Smith,196.48,,19,CUST-1070,
2024-08-26,North,Laptop Pro,Electronics,David Wilson,335.63,185.21,1,CUST-1205,150.42
2024-08-26,East,Wireless Mouse,Displays,Emma Brown,522.88,285.71,18,CUST-1009,237.17
2024-08-26,North,Laptop Pro,Accessories,Emma Brown,216.28,98.97,20,CUST-1101,117.31
2024-08-27,South,Wireless Mouse,Accessories,Bob Smith,313.59,182.95,5,CUST-1218,130.64
2024-08-27,West,Wireless Mouse,Peripherals,Carol Davis,80.07,47.67,3,CUST-1244,32.4
2024-08-28,South,Wireless Mouse,Peripherals,Emma Brown,444.0,237.73,2,CUST-1066,206.27
2024-08-28,Central,USB-C Hub,Accessories,Bob Smith,529.2,270.98,17,CUST-1174,258.22
2024-08-29,South,Laptop Pro,Electronics,Frank Miller,270.66,137.32,4,CUST-1184,133.34
2024-08-29,West,USB-C Hub,Accessories,Emma Brown,780.15,415.22,7,CUST-1061,364.93
2024-08-29,North,"Monitor 27""",Electronics,Emma Brown,391.15,205.1,12,CUST-1026,186.05
2024-08-30,South,"Monitor 27""",Displays,Bob Smith,498.36,239.05,11,CUST-1266,259.31
2024-08-30,South,Wireless Mouse,Accessories,Frank Miller,332.37,157.88,5,CUST-1108,174.49
2024-09-01,East,USB-C Hub,Electronics,Bob Smith,289.04,145.17,24,CUST-1103,143.87
2024-09-02,South,Keyboard Mech,Accessories,Emma Brown,500.07,299.25,19,CUST-1101,200.82
2024-09-02,Central,Wireless Mouse,Peripherals,Alice Johnson,226.75,127.1,12,CUST-1255,99.65
2024-09-03,West,Wireless Mouse,Peripherals,David Wilson,4641.83,2320.92,134,CUST-1059,2320.91
2024-09-03,South,Laptop Pro,Electronics,Emma Brown,200.39,92.3,2,CUST-1214,108.09
2024-09-03,West,Laptop Pro,Accessories,Alice Johnson,133.93,60.28,22,CUST-1074,73.65
2024-09-04,Central,Wireless Mouse,Electronics,Emma Brown,290.74,194.21,3,CUST-1251,96.53
2024-09-05,West,Keyboard Mech,Accessories,Bob Smith,792.11,349.61,19,CUST-1007,442.5
2024-09-05,East,USB-C Hub,Peripherals,Frank Miller,401.17,210.61,1,CUST-1261,190.56
2024-09-06,South,USB-C Hub,Electronics,Emma Brown,402.47,231.62,7,CUST-1218,170.85
2024-09-06,Central,USB-C Hub,Electronics,Alice Johnson,424.47,188.14,7,CUST-1185,236.33
2024-09-07,East,"Monitor 27""",Accessories,Alice Johnson,22.34,13.4,12,CUST-1209,8.94
2024-09-08,Central,Laptop Pro,Displays,Alice Johnson,157.83,66.65,1,CUST-1243,91.18
2024-09-09,East,Laptop Pro,Electronics,Emma Brown,402.65,168.8,5,CUST-1074,233.85
2024-09-09,South,Laptop Pro,Displays,Frank Miller,92.99,47.51,9,CUST-1185,45.48
2024-09-10,North,USB-C Hub,Peripherals,Alice Johnson,191.42,104.34,11,CUST-1216,87.08
2024-09-10,South,Laptop Pro,Accessories,David Wilson,125.26,60.2,5,CUST-1229,65.06
2024-09-10,North,USB-C Hub,Displays,Frank Miller,375.2,167.57,25,CUST-1121,207.63
2024-09-11,North,Keyboard Mech,Electronics,Emma Brown,389.67,239.19,6,CUST-1058,150.48
2024-09-12,Central,USB-C Hub,Displays,David Wilson,383.61,222.98,9,CUST-1262,160.63
2024-09-12,North,Laptop Pro,Displays,Frank Miller,1778.05,892.93,6,CUST-1177,885.12
2024-09-12,Central,USB-C Hub,Displays,David Wilson,141.0,62.68,5,CUST-1239,78.32
2024-09-12,West,Wireless Mouse,Electronics,Frank Miller,371.05,249.31,2,CUST-1298,121.74
2024-09-12,South,USB-C Hub,Accessories,Bob Smith,,54.47,1,CUST-1214,
2024-09-12,East,"Monitor 27""",Displays,David Wilson,2360.54,1180.27,85,CUST-1026,1180.27
2024-09-13,West,Keyboard Mech,Accessories,Emma Brown,581.95,369.74,10,CUST-1199,212.21
2024-09-13,West,Laptop Pro,Accessories,Frank Miller,139.37,76.14,3,CUST-1187,63.23
2024-09-13,East,"Monitor 27""",Accessories,Carol Davis,140.44,71.25,25,CUST-1210,69.19
2024-09-13,Central,Wireless Mouse,Accessories,Alice Johnson,133.43,65.44,16,CUST-1040,67.99
2024-09-15,West,Laptop Pro,Electronics,David Wilson,757.69,308.2,3,CUST-1030,449.49
2024-09-15,East,Laptop Pro,Accessories,Bob Smith,1.42,145.94,1,CUST-1066,-144.52
2024-09-15,West,Keyboard Mech,Electronics,Frank Miller,225.31,150.09,16,CUST-1294,75.22
2024-09-15,,"Monitor 27""",Displays,Frank Miller,253.05,120.44,20,CUST-1035,132.61
2024-09-15,Central,Laptop Pro,Electronics,Carol Davis,138.64,62.6,23,CUST-1162,76.04
2024-09-16,East,USB-C Hub,Displays,Emma Brown,226.24,156.83,16,CUST-1180,69.41
2024-09-17,East,Laptop Pro,Peripherals,Emma Brown,390.96,211.88,12,CUST-1268,179.08
2024-09-17,Central,"Monitor 27""",Accessories,Bob Smith,416.09,240.13,4,CUST-1299,175.96
2024-09-17,East,Laptop Pro,Displays,Emma Brown,245.25,153.49,16,CUST-1164,91.76
2024-09-17,South,Laptop Pro,Electronics,Alice Johnson,151.66,103.97,25,CUST-1278,47.69
2024-09-18,South,Keyboard Mech,Electronics,David Wilson,229.3,158.38,5,CUST-1051,70.92
2024-09-18,Central,"Monitor 27""",Displays,Bob Smith,227.0,154.75,16,CUST-1257,72.25
2024-09-19,North,Laptop Pro,Accessories,Alice Johnson,684.57,354.44,9,CUST-1022,330.13
2024-09-19,East,Laptop Pro,Peripherals,Bob Smith,249.74,138.92,24,CUST-1288,110.82
2024-09-20,West,Laptop Pro,Electronics,Bob Smith,1058.35,482.19,15,CUST-1038,576.16
2024-09-20,North,USB-C Hub,Peripherals,Frank Miller,749.91,465.32,4,CUST-1105,284.59
2024-09-20,North,"Monitor 27""",Accessories,David Wilson,,125.61,12,CUST-1275,
2024-09-20,West,Laptop Pro,Displays,Emma Brown,632.69,306.54,17,CUST-1034,326.15
2024-09-21,South,Laptop Pro,Peripherals,Frank Miller,270.38,140.95,5,CUST-1038,129.43
2024-09-22,West,Wireless Mouse,Accessories,Frank Miller,459.96,314.73,11,CUST-1012,145.23
2024-09-23,South,Laptop Pro,Accessories,David Wilson,348.34,150.94,25,CUST-1143,197.4
2024-09-23,North,Wireless Mouse,Accessories,David Wilson,225.68,140.77,24,CUST-1174,84.91
2024-09-24,East,Wireless Mouse,Electronics,Emma Brown,304.94,135.24,16,CUST-1235,169.7
2024-09-24,South,Laptop Pro,Peripherals,Carol Davis,141.73,57.56,25,CUST-1102,84.17
2024-09-24,East,USB-C Hub,Peripherals,Alice Johnson,443.78,214.88,22,CUST-1046,228.9
2024-09-24,North,Laptop Pro,Electronics,Emma Brown,298.19,,15,CUST-1258,
2024-09-25,Central,USB-C Hub,Peripherals,Carol Davis,622.06,344.48,19,CUST-1184,277.58
2024-09-26,West,USB-C Hub,Peripherals,Bob Smith,474.4,229.41,9,CUST-1059,244.99
2024-09-26,Central,USB-C Hub,Peripherals,Emma Brown,355.61,149.34,14,CUST-1258,206.27
2024-09-26,West,USB-C Hub,Accessories,Alice Johnson,149.81,76.39,18,CUST-1261,73.42
2024-09-27,Central,Wireless Mouse,Accessories,Bob Smith,74.36,51.08,11,CUST-1137,23.28
2024-09-27,East,Wireless Mouse,Electronics,Alice Johnson,678.6,271.76,24,CUST-1090,406.84
2024-09-28,North,"Monitor 27""",Electronics,David Wilson,553.95,284.5,11,CUST-1117,269.45
2024-09-28,South,Wireless Mouse,Electronics,Frank Miller,598.21,407.05,20,CUST-1098,191.16
2024-09-28,South,Laptop Pro,Electronics,David Wilson,167.02,106.14,3,CUST-1033,60.88
2024-09-29,North,Wireless Mouse,Electronics,Bob Smith,466.51,304.67,15,CUST-1084,161.84
2024-09-29,Central,Laptop Pro,Displays,Carol Davis,989.3,574.21,13,CUST-1167,415.09
2024-09-29,North,"Monitor 27""",Electronics,Bob Smith,778.31,433.62,9,CUST-1028,344.69
2024-09-30,West,Laptop Pro,Accessories,David Wilson,646.1,371.06,15,CUST-1027,275.04
2024-09-30,South,Laptop Pro,Peripherals,Carol Davis,107.21,73.2,13,CUST-1049,34.01
2024-10-01,West,Laptop Pro,Electronics,Emma Brown,1278.18,868.31,1,CUST-1175,409.87
2024-10-01,West,Wireless Mouse,Peripherals,Alice Johnson,224.12,139.95,3,CUST-1005,84.17
2024-10-01,West,"Monitor 27""",Displays,Alice Johnson,208.68,90.7,25,CUST-1057,117.98
2024-10-01,North,Laptop Pro,Accessories,Bob Smith,225.21,105.02,1,CUST-1274,120.19
2024-10-01,North,USB-C Hub,Accessories,Alice Johnson,286.05,156.47,15,CUST-1022,129.58
2024-10-01,Central,Laptop Pro,Peripherals,Frank Miller,219.48,121.03,3,CUST-1195,98.45
2024-10-01,East,USB-C Hub,Peripherals,Alice Johnson,282.92,143.51,18,CUST-1156,139.41
2024-10-01,North,"Monitor 27""",Accessories,Alice Johnson,543.31,329.07,1,CUST-1090,214.24
2024-10-02,South,Laptop Pro,Electronics,Carol Davis,1.1,136.92,1,CUST-1035,-135.82
2024-10-02,North,Laptop Pro,Peripherals,Bob Smith,45.46,24.56,8,CUST-1277,20.9
2024-10-02,West,Laptop Pro,Displays,Frank Miller,277.61,174.25,16,CUST-1119,103.36
2024-10-02,West,Laptop Pro,Electronics,Frank Miller,651.07,273.45,22,CUST-1136,377.62
2024-10-02,West,Laptop Pro,Peripherals,Carol Davis,252.59,116.48,22,CUST-1149,136.11
2024-10-02,North,Keyboard Mech,Accessories,Alice Johnson,288.17,184.64,21,CUST-1041,103.53
2024-10-02,West,Laptop Pro,Displays,Frank Miller,489.3,332.71,15,CUST-1105,156.59
2024-10-03,,USB-C Hub,Displays,Emma Brown,182.57,125.28,20,CUST-1295,57.29
2024-10-03,West,Wireless Mouse,Accessories,Bob Smith,311.88,207.15,10,CUST-1114,104.73
2024-10-03,North,Wireless Mouse,Accessories,David Wilson,55.99,32.61,8,CUST-1062,23.38
2024-10-03,East,USB-C Hub,Peripherals,Bob Smith,717.32,413.28,8,CUST-1154,304.04
2024-10-03,South,"Monitor 27""",Electronics,Emma Brown,521.99,316.79,17,CUST-1281,205.2
2024-10-03,,Wireless Mouse,Accessories,Bob Smith,477.66,291.48,23,CUST-1282,186.18
2024-10-03,North,USB-C Hub,Displays,David Wilson,216.67,136.05,16,CUST-1027,80.62
2024-10-04,North,Wireless Mouse,Peripherals,David Wilson,880.43,593.46,12,CUST-1116,286.97
2024-10-04,East,Wireless Mouse,Electronics,Frank Miller,166.09,103.01,23,CUST-1256,63.08
2024-10-04,East,Laptop Pro,Accessories,David Wilson,,89.13,19,CUST-1095,
2024-10-04,Central,Wireless Mouse,Peripherals,David Wilson,216.7,121.31,17,CUST-1147,95.39
2024-10-04,South,Wireless Mouse,Electronics,Carol Davis,409.28,197.85,16,CUST-1082,211.43
2024-10-05,East,Wireless Mouse,Peripherals,Emma Brown,290.5,131.04,13,CUST-1080,159.46
2024-10-05,North,Laptop Pro,Displays,Bob Smith,529.92,370.42,23,CUST-1027,159.5
2024-10-05,North,Keyboard Mech,Electronics,Frank Miller,277.0,157.57,23,CUST-1157,119.43
2024-10-06,North,USB-C Hub,Accessories,David Wilson,116.41,80.25,3,CUST-1125,36.16
2024-10-06,East,Keyboard Mech,Peripherals,Alice Johnson,212.1,135.15,13,CUST-1220,76.95
2024-10-06,North,Wireless Mouse,Peripherals,Carol Davis,76.94,51.8,6,CUST-1013,25.14
2024-10-06,North,Wireless Mouse,Accessories,Frank Miller,193.0,132.83,13,CUST-1106,60.17
2024-10-07,North,Wireless Mouse,Accessories,Emma Brown,200.95,,21,CUST-1042,
2024-10-07,East,Wireless Mouse,Electronics,Frank Miller,307.22,134.38,22,CUST-1043,172.84
2024-10-07,North,USB-C Hub,Electronics,Carol Davis,426.31,259.75,25,CUST-1170,166.56
2024-10-07,West,Wireless Mouse,Peripherals,Frank Miller,349.06,165.86,17,CUST-1135,183.2
2024-10-07,South,USB-C Hub,Peripherals,Carol Davis,161.28,90.16,12,CUST-1098,71.12
2024-10-07,West,Wireless Mouse,Electronics,Emma Brown,198.15,124.19,4,CUST-1243,73.96
2024-10-08,East,Wireless Mouse,Electronics,Alice Johnson,572.27,,16,CUST-1106,
2024-10-08,South,Keyboard Mech,Accessories,Carol Davis,98.31,50.88,5,CUST-1047,47.43
2024-10-08,North,USB-C Hub,Accessories,Carol Davis,163.71,69.41,3,CUST-1282,94.3
2024-10-08,North,"Monitor 27""",Accessories,Bob Smith,498.44,309.58,19,CUST-1201,188.86
2024-10-08,South,Keyboard Mech,Electronics,David Wilson,410.42,181.32,9,CUST-1198,229.1
2024-10-08,South,"Monitor 27""",Electronics,Frank Miller,129.17,63.95,2,CUST-1248,65.22
2024-10-08,South,Wireless Mouse,Electronics,David Wilson,145.72,85.47,15,CUST-1271,60.25
2024-10-08,West,USB-C Hub,Electronics,David Wilson,93.45,39.15,7,CUST-1009,54.3
2024-10-08,West,Keyboard Mech,Electronics,Emma Brown,348.35,242.75,10,CUST-1006,105.6
2024-10-08,West,USB-C Hub,Electronics,Bob Smith,303.85,208.67,7,CUST-1046,95.18
2024-10-09,West,Wireless Mouse,Electronics,Alice Johnson,78.73,46.08,2,CUST-1051,32.65
2024-10-09,West,USB-C Hub,Peripherals,Frank Miller,66.22,41.54,7,CUST-1014,24.68
2024-10-09,Central,USB-C Hub,Electronics,Alice Johnson,216.83,121.73,19,CUST-1049,95.1
2024-10-09,South,"Monitor 27""",Accessories,Bob Smith,356.49,191.75,23,CUST-1058,164.74
2024-10-09,South,"Monitor 27""",Electronics,Bob Smith,623.22,363.69,10,CUST-1008,259.53
2024-10-09,South,Wireless Mouse,Displays,Bob Smith,473.07,268.52,19,CUST-1143,204.55
2024-10-10,West,Laptop Pro,Peripherals,David Wilson,155.57,101.16,25,CUST-1186,54.41
2024-10-10,West,Laptop Pro,Peripherals,Emma Brown,476.82,199.72,17,CUST-1126,277.1
2024-10-10,North,Wireless Mouse,Electronics,Frank Miller,847.12,469.27,6,CUST-1113,377.85
2024-10-10,North,"Monitor 27""",Electronics,Carol Davis,181.86,110.68,9,CUST-1071,71.18
2024-10-11,North,"Monitor 27""",Displays,Bob Smith,217.38,110.16,16,CUST-1145,107.22
2024-10-11,East,Wireless Mouse,Electronics,Bob Smith,161.34,106.9,12,CUST-1207,54.44
2024-10-12,Central,Laptop Pro,Accessories,David Wilson,326.52,174.18,21,CUST-1007,152.34
2024-10-12,East,"Monitor 27""",Peripherals,Emma Brown,,262.65,8,CUST-1015,
2024-10-12,East,Wireless Mouse,Accessories,Alice Johnson,847.03,586.95,13,CUST-1051,260.08
2024-10-12,East,"Monitor 27""",Peripherals,Bob Smith,266.94,181.92,19,CUST-1164,85.02
2024-10-12,North,Wireless Mouse,Displays,Emma Brown,62.51,42.4,11,CUST-1270,20.11
2024-10-13,East,Laptop Pro,Peripherals,Alice Johnson,392.88,169.09,10,CUST-1127,223.79
2024-10-13,North,USB-C Hub,Peripherals,David Wilson,349.95,191.75,16,CUST-1131,158.2
2024-10-13,South,Keyboard Mech,Peripherals,Bob Smith,168.27,111.48,16,CUST-1219,56.79
2024-10-13,Central,Wireless Mouse,Displays,Emma Brown,940.46,428.5,10,CUST-1256,511.96
2024-10-13,Central,Wireless Mouse,Displays,Bob Smith,1402.18,699.18,7,CUST-1285,703.0
2024-10-13,North,Laptop Pro,Displays,David Wilson,,58.1,10,CUST-1223,
2024-10-14,,"Monitor 27""",Accessories,Frank Miller,214.55,107.26,3,CUST-1162,107.29
2024-10-14,West,Laptop Pro,Displays,Emma Brown,225.13,,15,CUST-1042,
2024-10-14,North,Laptop Pro,Peripherals,David Wilson,74.77,31.32,3,CUST-1042,43.45
2024-10-15,North,USB-C Hub,Electronics,Bob Smith,128.14,68.29,25,CUST-1212,59.85
2024-10-15,West,Laptop Pro,Peripherals,Alice Johnson,599.77,289.81,13,CUST-1109,309.96
2024-10-15,North,"Monitor 27""",Accessories,Bob Smith,181.82,82.36,2,CUST-1115,99.46
2024-10-15,East,Laptop Pro,Displays,Bob Smith,667.13,333.66,18,CUST-1184,333.47
2024-10-16,South,"Monitor 27""",Electronics,Carol Davis,61.15,34.1,9,CUST-1264,27.05
2024-10-16,South,Wireless Mouse,Peripherals,Carol Davis,656.42,293.22,25,CUST-1003,363.2
2024-10-17,Central,Laptop Pro,Electronics,Carol Davis,3120.48,1942.65,23,CUST-1074,1177.83
2024-10-17,South,Laptop Pro,Peripherals,Frank Miller,90.31,59.48,23,CUST-1080,30.83
2024-10-17,Central,Keyboard Mech,Accessories,Frank Miller,295.62,127.21,10,CUST-1030,168.41
2024-10-17,West,"Monitor 27""",Accessories,Bob Smith,548.18,304.88,15,CUST-1077,243.3
2024-10-17,Central,Keyboard Mech,Electronics,David Wilson,462.47,200.73,6,CUST-1172,261.74
2024-10-17,North,Wireless Mouse,Electronics,Emma Brown,1171.98,770.34,19,CUST-1198,401.64
2024-10-18,East,Wireless Mouse,Displays,David Wilson,248.79,103.05,21,CUST-1248,145.74
2024-10-18,West,Laptop Pro,Accessories,Bob Smith,101.65,56.22,9,CUST-1089,45.43
2024-10-19,West,"Monitor 27""",Accessories,Bob Smith,316.71,,3,CUST-1140,
2024-10-19,West,USB-C Hub,Electronics,Bob Smith,195.81,115.19,19,CUST-1233,80.62
2024-10-19,North,Keyboard Mech,Electronics,Frank Miller,620.19,254.7,23,CUST-1229,365.49
2024-10-19,South,Keyboard Mech,Accessories,Frank Miller,421.36,178.55,13,CUST-1209,242.81
2024-10-19,East,Laptop Pro,Accessories,Bob Smith,163.45,101.65,7,CUST-1127,61.8
2024-10-20,South,Wireless Mouse,Peripherals,Frank Miller,202.86,106.56,11,CUST-1103,96.3
2024-10-20,East,Laptop Pro,Displays,Bob Smith,747.5,410.35,3,CUST-1239,337.15
2024-10-20,West,USB-C Hub,Electronics,Alice Johnson,114.26,60.33,20,CUST-1237,53.93
2024-10-20,North,Wireless Mouse,Peripherals,David Wilson,233.27,161.52,17,CUST-1173,71.75
2024-10-20,South,Laptop Pro,Electronics,Emma Brown,424.61,201.09,1,CUST-1275,223.52
2024-10-21,North,Wireless Mouse,Accessories,David Wilson,751.69,502.41,11,CUST-1285,249.28
2024-10-21,South,Keyboard Mech,Peripherals,Bob Smith,1102.79,449.84,8,CUST-1093,652.95
2024-10-21,East,Wireless Mouse,Peripherals,Emma Brown,167.04,91.82,16,CUST-1241,75.22
2024-10-21,South,Laptop Pro,Accessories,Emma Brown,404.3,279.13,20,CUST-1266,125.17
2024-10-21,North,Laptop Pro,Accessories,Carol Davis,92.09,56.68,8,CUST-1279,35.41
2024-10-22,South,Laptop Pro,Displays,Frank Miller,223.02,132.57,4,CUST-1294,90.45
2024-10-22,North,USB-C Hub,Accessories,Frank Miller,1098.76,660.63,8,CUST-1070,438.13
2024-10-23,Central,USB-C Hub,Electronics,Carol Davis,91.49,36.76,6,CUST-1075,54.73
2024-10-23,North,USB-C Hub,Electronics,David Wilson,261.23,158.08,14,CUST-1219,103.15
2024-10-23,Central,Laptop Pro,Electronics,Frank Miller,382.18,222.28,20,CUST-1195,159.9
2024-10-23,Central,USB-C Hub,Accessories,Frank Miller,298.78,189.72,4,CUST-1093,109.06
2024-10-23,North,Wireless Mouse,Peripherals,Bob Smith,630.48,281.29,12,CUST-1209,349.19
2024-10-24,West,"Monitor 27""",Accessories,David Wilson,145.26,71.56,22,CUST-1295,73.7
2024-10-24,West,Laptop Pro,Accessories,Alice Johnson,284.29,115.38,9,CUST-1050,168.91
2024-10-24,North,Wireless Mouse,Displays,Bob Smith,,38.07,12,CUST-1017,
2024-10-25,North,Keyboard Mech,Electronics,Carol Davis,89.99,50.35,14,CUST-1140,39.64
2024-10-25,South,USB-C Hub,Accessories,Alice Johnson,1339.35,654.53,17,CUST-1279,684.82
2024-10-26,North,Wireless Mouse,Electronics,Bob Smith,781.62,395.26,6,CUST-1208,386.36
2024-10-26,East,Wireless Mouse,Electronics,David Wilson,646.35,289.3,10,CUST-1093,357.05
2024-10-26,North,Wireless Mouse,Displays,Alice Johnson,468.17,310.84,21,CUST-1221,157.33
2024-10-26,West,Laptop Pro,Electronics,Frank Miller,372.67,237.97,14,CUST-1176,134.7
2024-10-26,Central,Laptop Pro,Peripherals,Carol Davis,372.04,202.96,21,CUST-1038,169.08
2024-10-26,East,"Monitor 27""",Accessories,David Wilson,539.58,376.55,6,CUST-1288,163.03
2024-10-26,Central,Wireless Mouse,Peripherals,Carol Davis,159.52,71.56,16,CUST-1287,87.96
2024-10-26,Central,Laptop Pro,Peripherals,Carol Davis,,245.31,3,CUST-1005,
2024-10-26,West,"Monitor 27""",Electronics,Frank Miller,874.42,450.78,2,CUST-1229,423.64
2024-10-27,Central,Laptop Pro,Accessories,Bob Smith,501.73,286.73,8,CUST-1133,215.0
2024-10-27,North,Laptop Pro,Electronics,Emma Brown,1841.64,786.44,6,CUST-1015,1055.2
2024-10-27,East,"Monitor 27""",Electronics,Bob Smith,704.15,291.43,1,CUST-1212,412.72
2024-10-27,East,Laptop Pro,Peripherals,Frank Miller,146.25,99.18,17,CUST-1166,47.07
2024-10-27,South,Wireless Mouse,Accessories,Frank Miller,1215.75,664.7,7,CUST-1077,551.05
2024-10-27,North,Keyboard Mech,Peripherals,Bob Smith,509.12,280.07,12,CUST-1222,229.05
2024-10-28,North,Laptop Pro,Electronics,David Wilson,434.82,260.77,16,CUST-1131,174.05
2024-10-28,South,"Monitor 27""",Peripherals,Alice Johnson,386.38,158.19,7,CUST-1188,228.19
2024-10-28,North,Laptop Pro,Peripherals,Carol Davis,166.38,84.86,23,CUST-1010,81.52
2024-10-28,West,Laptop Pro,Electronics,Carol Davis,601.94,286.07,11,CUST-1077,315.87
2024-10-29,East,Wireless Mouse,Electronics,Alice Johnson,486.29,246.51,9,CUST-1037,239.78
2024-10-29,East,Laptop Pro,Electronics,David Wilson,71.43,33.16,11,CUST-1157,38.27
2024-10-29,East,Laptop Pro,Peripherals,Bob Smith,149.92,98.14,25,CUST-1245,51.78
2024-10-29,North,Laptop Pro,Electronics,David Wilson,173.04,91.02,20,CUST-1260,82.02
2024-10-30,North,Laptop Pro,Displays,David Wilson,837.6,400.39,8,CUST-1190,437.21
2024-10-30,South,Keyboard Mech,Electronics,Carol Davis,125.12,74.01,10,CUST-1126,51.11
2024-10-30,Central,Laptop Pro,Accessories,Frank Miller,214.07,129.55,5,CUST-1047,84.52
2024-10-30,North,Laptop Pro,Peripherals,Carol Davis,144.38,86.02,20,CUST-1031,58.36
2024-10-31,West,Laptop Pro,Electronics,David Wilson,1907.71,1031.96,8,CUST-1224,875.75
2024-10-31,West,Wireless Mouse,Accessories,Alice Johnson,98.86,62.1,4,CUST-1141,36.76
2024-10-31,East,"Monitor 27""",Accessories,Frank Miller,324.66,155.79,19,CUST-1007,168.87
2024-10-31,South,USB-C Hub,Electronics,Emma Brown,248.27,155.8,3,CUST-1294,92.47
2024-11-01,South,Wireless Mouse,Accessories,Bob Smith,453.69,316.45,6,CUST-1046,137.24
2024-11-01,West,"Monitor 27""",Electronics,Alice Johnson,144.91,73.46,3,CUST-1293,71.45
2024-11-01,Central,Keyboard Mech,Electronics,Bob Smith,577.42,239.35,12,CUST-1053,338.07
2024-11-01,West,Laptop Pro,Electronics,David Wilson,44.55,24.77,18,CUST-1082,19.78
2024-11-02,East,Laptop Pro,Electronics,Emma Brown,1046.82,700.43,9,CUST-1281,346.39
2024-11-02,South,Laptop Pro,Displays,Alice Johnson,688.45,462.88,10,CUST-1131,225.57
2024-11-02,South,Wireless Mouse,Electronics,Bob Smith,1065.1,745.35,16,CUST-1064,319.75
2024-11-02,Central,Laptop Pro,Accessories,Alice Johnson,202.74,107.23,24,CUST-1181,95.51
2024-11-02,East,Laptop Pro,Electronics,Emma Brown,363.33,186.63,24,CUST-1272,176.7
2024-11-03,South,USB-C Hub,Accessories,Bob Smith,300.59,198.11,18,CUST-1072,102.48
2024-11-03,Central,Laptop Pro,Accessories,Emma Brown,237.93,118.35,6,CUST-1076,119.58
2024-11-03,South,USB-C Hub,Displays,Frank Miller,2069.16,1137.86,23,CUST-1086,931.3
2024-11-03,South,Wireless Mouse,Peripherals,Frank Miller,190.19,115.55,14,CUST-1134,74.64
2024-11-04,North,USB-C Hub,Electronics,Alice Johnson,438.68,267.85,14,CUST-1075,170.83
2024-11-04,North,Laptop Pro,Displays,Emma Brown,737.8,437.64,5,CUST-1109,300.16
2024-11-04,East,"Monitor 27""",Electronics,David Wilson,732.82,357.75,4,CUST-1004,375.07
2024-11-04,North,Wireless Mouse,Electronics,David Wilson,643.09,378.9,10,CUST-1208,264.19
2024-11-04,South,Laptop Pro,Peripherals,Alice Johnson,331.14,202.47,7,CUST-1025,128.67
2024-11-04,North,USB-C Hub,Accessories,Bob Smith,141.15,66.49,4,CUST-1183,74.66
2024-11-05,East,Keyboard Mech,Peripherals,Emma Brown,581.32,370.28,19,CUST-1189,211.04
2024-11-05,,"Monitor 27""",Peripherals,Alice Johnson,183.79,112.27,13,CUST-1007,71.52
2024-11-05,,Wireless Mouse,Electronics,Bob Smith,557.91,347.48,4,CUST-1092,210.43
2024-11-05,South,"Monitor 27""",Accessories,Emma Brown,919.92,620.47,17,CUST-1223,299.45
2024-11-05,North,Laptop Pro,Displays,David Wilson,605.53,359.14,25,CUST-1082,246.39
2024-11-05,South,USB-C Hub,Accessories,Bob Smith,733.7,372.05,7,CUST-1158,361.65
2024-11-05,East,Laptop Pro,Electronics,Bob Smith,71.2,47.8,12,CUST-1274,23.4
2024-11-06,South,Laptop Pro,Electronics,Bob Smith,529.76,340.0,24,CUST-1005,189.76
2024-11-06,North,"Monitor 27""",Electronics,Bob Smith,1109.93,751.29,9,CUST-1117,358.64
2024-11-06,North,Wireless Mouse,Accessories,Carol Davis,344.39,203.97,20,CUST-1120,140.42
2024-11-06,East,Laptop Pro,Electronics,Emma Brown,230.94,130.96,21,CUST-1151,99.98
2024-11-06,South,Laptop Pro,Electronics,David Wilson,365.62,163.15,11,CUST-1240,202.47
2024-11-06,Central,USB-C Hub,Electronics,Emma Brown,286.98,135.82,5,CUST-1038,151.16
2024-11-07,South,USB-C Hub,Displays,Emma Brown,355.9,201.52,6,CUST-1275,154.38
2024-11-07,East,USB-C Hub,Peripherals,David Wilson,123.78,75.01,15,CUST-1171,48.77
2024-11-07,West,"Monitor 27""",Electronics,Emma Brown,370.93,253.16,17,CUST-1133,117.77
2024-11-07,East,Laptop Pro,Peripherals,Carol Davis,287.23,181.93,18,CUST-1174,105.3
2024-11-07,North,Laptop Pro,Electronics,Carol Davis,216.98,115.33,2,CUST-1206,101.65
2024-11-07,East,Laptop Pro,Electronics,Carol Davis,168.66,69.75,19,CUST-1146,98.91
2024-11-08,East,Keyboard Mech,Electronics,David Wilson,66.04,27.69,8,CUST-1100,38.35
2024-11-08,West,USB-C Hub,Accessories,David Wilson,197.8,121.92,2,CUST-1131,75.88
2024-11-08,West,Wireless Mouse,Peripherals,Alice Johnson,319.21,160.39,13,CUST-1254,158.82
2024-11-09,Central,"Monitor 27""",Displays,Alice Johnson,224.87,147.56,19,CUST-1144,77.31
2024-11-09,West,USB-C Hub,Accessories,Frank Miller,532.42,217.17,5,CUST-1236,315.25
2024-11-09,North,Laptop Pro,Peripherals,David Wilson,351.35,157.78,15,CUST-1235,193.57
2024-11-09,East,Laptop Pro,Peripherals,David Wilson,274.13,144.86,15,CUST-1237,129.27
2024-11-09,East,Wireless Mouse,Displays,Frank Miller,209.77,123.74,3,CUST-1107,86.03
2024-11-09,North,USB-C Hub,Electronics,David Wilson,1054.97,480.45,22,CUST-1227,574.52
2024-11-10,North,Wireless Mouse,Electronics,Carol Davis,225.35,110.83,16,CUST-1121,114.52
2024-11-10,North,Wireless Mouse,Electronics,Alice Johnson,373.94,256.74,19,CUST-1229,117.2
2024-11-10,East,Wireless Mouse,Displays,David Wilson,300.23,,20,CUST-1118,
2024-11-10,East,"Monitor 27""",Peripherals,Frank Miller,809.16,,17,CUST-1194,
2024-11-11,East,"Monitor 27""",Electronics,David Wilson,738.33,319.21,18,CUST-1299,419.12
2024-11-11,North,Laptop Pro,Displays,Alice Johnson,337.65,167.43,13,CUST-1062,170.22
2024-11-12,West,Laptop Pro,Accessories,Frank Miller,1573.28,767.68,20,CUST-1278,805.6
2024-11-12,West,Wireless Mouse,Electronics,Bob Smith,77.28,49.52,22,CUST-1250,27.76
2024-11-13,South,"Monitor 27""",Accessories,Emma Brown,559.85,235.72,12,CUST-1013,324.13
2024-11-13,East,USB-C Hub,Electronics,David Wilson,749.91,395.51,16,CUST-1002,354.4
2024-11-13,West,Wireless Mouse,Displays,David Wilson,154.16,67.49,7,CUST-1275,86.67
2024-11-13,North,USB-C Hub,Peripherals,Bob Smith,219.79,135.49,1,CUST-1184,84.3
2024-11-13,West,Laptop Pro,Accessories,Emma Brown,225.3,98.22,17,CUST-1035,127.08
2024-11-13,South,Keyboard Mech,Electronics,Bob Smith,710.29,329.58,16,CUST-1136,380.71
2024-11-13,West,"Monitor 27""",Peripherals,Frank Miller,169.76,100.31,22,CUST-1180,69.45
2024-11-13,West,Laptop Pro,Accessories,Frank Miller,274.04,127.67,16,CUST-1276,146.37
2024-11-13,North,Laptop Pro,Electronics,Bob Smith,465.39,265.26,6,CUST-1119,200.13
2024-11-14,West,Laptop Pro,Electronics,Emma Brown,1031.45,701.42,11,CUST-1175,330.03
2024-11-14,West,Laptop Pro,Accessories,David Wilson,283.22,188.71,18,CUST-1019,94.51
2024-11-14,West,"Monitor 27""",Electronics,Carol Davis,474.78,257.16,6,CUST-1252,217.62
2024-11-14,South,Wireless Mouse,Peripherals,Bob Smith,116.62,69.72,12,CUST-1185,46.9
2024-11-14,South,Keyboard Mech,Accessories,David Wilson,496.26,325.37,9,CUST-1107,170.89
2024-11-14,East,Keyboard Mech,Accessories,Frank Miller,350.28,176.64,8,CUST-1134,173.64
2024-11-14,East,Laptop Pro,Accessories,Bob Smith,226.04,94.57,10,CUST-1044,131.47
2024-11-14,North,Wireless Mouse,Accessories,Bob Smith,320.49,131.11,13,CUST-1172,189.38
2024-11-15,Central,USB-C Hub,Peripherals,Emma Brown,234.88,140.73,3,CUST-1248,94.15
2024-11-15,North,Laptop Pro,Electronics,Emma Brown,507.16,303.18,13,CUST-1065,203.98
2024-11-15,Central,Keyboard Mech,Electronics,Carol Davis,275.21,173.49,20,CUST-1283,101.72
2024-11-16,South,Laptop Pro,Peripherals,Emma Brown,458.75,246.2,11,CUST-1163,212.55
2024-11-16,North,Laptop Pro,Accessories,Carol Davis,283.48,137.9,1,CUST-1254,145.58
2024-11-16,South,USB-C Hub,Electronics,Bob Smith,316.68,187.26,8,CUST-1215,129.42
2024-11-16,Central,USB-C Hub,Peripherals,Alice Johnson,986.97,612.9,7,CUST-1185,374.07
2024-11-16,East,Wireless Mouse,Displays,Bob Smith,330.61,146.54,19,CUST-1083,184.07
2024-11-16,South,Wireless Mouse,Peripherals,Carol Davis,129.64,61.82,7,CUST-1080,67.82
2024-11-17,South,Keyboard Mech,Electronics,Alice Johnson,258.2,132.36,20,CUST-1179,125.84
2024-11-17,West,Wireless Mouse,Electronics,Carol Davis,,343.04,9,CUST-1102,
2024-11-17,South,USB-C Hub,Peripherals,Frank Miller,217.38,96.03,18,CUST-1012,121.35
2024-11-17,Central,Laptop Pro,Displays,Emma Brown,481.87,325.28,6,CUST-1056,156.59
2024-11-18,West,Laptop Pro,Electronics,Bob Smith,160.06,64.74,21,CUST-1001,95.32
2024-11-18,South,Laptop Pro,Electronics,Emma Brown,912.5,596.98,9,CUST-1153,315.52
2024-11-19,South,USB-C Hub,Electronics,David Wilson,,775.38,16,CUST-1051,
2024-11-19,East,Keyboard Mech,Accessories,Bob Smith,226.41,148.05,6,CUST-1003,78.36
2024-11-19,West,"Monitor 27""",Electronics,Frank Miller,129.05,81.46,22,CUST-1140,47.59
2024-11-19,West,USB-C Hub,Electronics,Carol Davis,1109.58,526.69,7,CUST-1280,582.89
2024-11-20,North,Laptop Pro,Peripherals,Frank Miller,331.28,154.27,18,CUST-1125,177.01
2024-11-20,Central,Laptop Pro,Accessories,Frank Miller,455.19,251.61,22,CUST-1254,203.58
2024-11-20,South,"Monitor 27""",Accessories,Carol Davis,193.4,107.07,23,CUST-1272,86.33
2024-11-20,,"Monitor 27""",Peripherals,Bob Smith,309.13,165.6,5,CUST-1274,143.53
2024-11-20,,Wireless Mouse,Peripherals,David Wilson,235.66,149.22,6,CUST-1060,86.44
2024-11-21,South,Wireless Mouse,Accessories,Alice Johnson,433.12,263.4,4,CUST-1179,169.72
2024-11-21,East,Laptop Pro,Peripherals,David Wilson,89.46,40.57,6,CUST-1154,48.89
2024-11-21,East,"Monitor 27""",Electronics,Bob Smith,1168.91,509.92,24,CUST-1212,658.99
2024-11-21,East,USB-C Hub,Displays,Emma Brown,368.17,240.26,14,CUST-1112,127.91
2024-11-21,East,Wireless Mouse,Accessories,Alice Johnson,539.43,283.73,22,CUST-1209,255.7
2024-11-22,Central,Laptop Pro,Accessories,Carol Davis,114.5,52.22,25,CUST-1030,62.28
2024-11-22,North,USB-C Hub,Peripherals,Bob Smith,349.07,195.57,25,CUST-1071,153.5
2024-11-22,West,USB-C Hub,Accessories,David Wilson,268.53,178.26,6,CUST-1149,90.27
2024-11-22,Central,Wireless Mouse,Displays,Frank Miller,298.74,140.91,1,CUST-1245,157.83
2024-11-23,South,Laptop Pro,Accessories,Emma Brown,371.64,225.29,4,CUST-1105,146.35
2024-11-23,East,Wireless Mouse,Peripherals,Bob Smith,409.24,214.85,24,CUST-1133,194.39
2024-11-23,North,Laptop Pro,Accessories,Frank Miller,348.83,216.3,25,CUST-1102,132.53
2024-11-23,East,Wireless Mouse,Displays,David Wilson,171.35,96.84,14,CUST-1093,74.51
2024-11-23,Central,Keyboard Mech,Electronics,Frank Miller,73.99,47.98,24,CUST-1094,26.01
2024-11-24,South,Wireless Mouse,Peripherals,Emma Brown,176.94,121.79,19,CUST-1120,55.15
2024-11-24,North,Wireless Mouse,Electronics,Frank Miller,666.63,419.02,22,CUST-1214,247.61
2024-11-24,North,Laptop Pro,Electronics,David Wilson,238.85,146.01,6,CUST-1286,92.84
2024-11-25,East,Laptop Pro,Electronics,Alice Johnson,204.87,123.91,1,CUST-1107,80.96
2024-11-25,South,Laptop Pro,Displays,Carol Davis,,78.33,13,CUST-1020,
2024-11-25,South,Wireless Mouse,Accessories,Bob Smith,1407.81,919.32,23,CUST-1213,488.49
2024-11-25,East,Laptop Pro,Peripherals,Bob Smith,1706.57,970.62,13,CUST-1244,735.95
2024-11-26,East,"Monitor 27""",Electronics,Bob Smith,41.23,19.14,24,CUST-1275,22.09
2024-11-26,North,"Monitor 27""",Electronics,Bob Smith,678.05,324.6,14,CUST-1281,353.45
2024-11-26,South,Laptop Pro,Peripherals,David Wilson,172.47,84.13,2,CUST-1296,88.34
2024-11-26,North,USB-C Hub,Electronics,Carol Davis,303.67,135.87,4,CUST-1055,167.8
2024-11-26,East,Laptop Pro,Accessories,David Wilson,246.43,108.68,2,CUST-1182,137.75
2024-11-27,East,Laptop Pro,Electronics,David Wilson,395.24,260.41,18,CUST-1071,134.83
2024-11-27,East,Wireless Mouse,Electronics,Bob Smith,224.13,139.34,13,CUST-1263,84.79
2024-11-28,North,Laptop Pro,Electronics,Bob Smith,163.28,98.54,4,CUST-1086,64.74
2024-11-28,North,USB-C Hub,Accessories,David Wilson,215.33,133.33,23,CUST-1013,82.0
2024-11-28,Central,USB-C Hub,Accessories,Alice Johnson,273.23,185.32,2,CUST-1167,87.91
2024-11-28,South,Wireless Mouse,Electronics,Emma Brown,574.12,354.28,10,CUST-1216,219.84
2024-11-28,South,Laptop Pro,Accessories,Carol Davis,202.34,101.18,22,CUST-1108,101.16
2024-11-28,,Wireless Mouse,Peripherals,Carol Davis,82.85,40.38,16,CUST-1199,42.47
2024-11-28,Central,Laptop Pro,Accessories,Bob Smith,173.24,75.25,16,CUST-1036,97.99
2024-11-28,South,Laptop Pro,Accessories,Frank Miller,180.53,,13,CUST-1178,
2024-11-29,South,Wireless Mouse,Peripherals,Carol Davis,486.33,311.2,13,CUST-1074,175.13
2024-11-29,,Laptop Pro,Accessories,David Wilson,660.88,320.93,7,CUST-1268,339.95
2024-11-29,South,Wireless Mouse,Accessories,Alice Johnson,175.98,89.77,9,CUST-1213,86.21
2024-11-29,South,Laptop Pro,Displays,Emma Brown,498.36,231.51,1,CUST-1230,266.85
2024-11-29,East,Wireless Mouse,Peripherals,Emma Brown,70.93,36.03,21,CUST-1285,34.9
2024-11-29,East,Wireless Mouse,Peripherals,Alice Johnson,1902.6,784.57,21,CUST-1185,1118.03
2024-11-29,North,Laptop Pro,Accessories,Carol Davis,20739.83,10369.92,56,CUST-1071,10369.91
2024-11-30,North,Laptop Pro,Electronics,David Wilson,452.51,289.57,22,CUST-1065,162.94
2024-11-30,Central,Laptop Pro,Electronics,David Wilson,402.29,246.74,9,CUST-1065,155.55
2024-12-01,South,"Monitor 27""",Electronics,Alice Johnson,488.01,232.83,3,CUST-1264,255.18
2024-12-01,South,Laptop Pro,Electronics,David Wilson,97.76,68.11,23,CUST-1007,29.65
2024-12-01,,Wireless Mouse,Accessories,Carol Davis,1109.2,710.74,25,CUST-1056,398.46
2024-12-01,North,Laptop Pro,Peripherals,Alice Johnson,378.63,186.63,10,CUST-1090,192.0
2024-12-02,South,Laptop Pro,Displays,Carol Davis,369.38,154.57,17,CUST-1289,214.81
2024-12-02,North,"Monitor 27""",Accessories,Alice Johnson,257.79,163.7,2,CUST-1244,94.09
2024-12-03,East,"Monitor 27""",Accessories,Alice Johnson,351.37,164.46,1,CUST-1161,186.91
2024-12-03,West,Laptop Pro,Displays,Emma Brown,360.56,212.11,8,CUST-1071,148.45
2024-12-03,South,Laptop Pro,Displays,Frank Miller,69.1,38.72,12,CUST-1027,30.38
2024-12-03,East,Keyboard Mech,Electronics,Emma Brown,448.75,263.42,15,CUST-1278,185.33
2024-12-03,,USB-C Hub,Electronics,Alice Johnson,844.88,542.74,10,CUST-1254,302.14
2024-12-03,South,Wireless Mouse,Displays,David Wilson,161.05,89.7,1,CUST-1181,71.35
2024-12-04,Central,Laptop Pro,Electronics,Emma Brown,229.62,129.45,24,CUST-1100,100.17
2024-12-04,South,USB-C Hub,Peripherals,David Wilson,1.98,67.62,1,CUST-1212,-65.64
2024-12-05,North,Laptop Pro,Peripherals,Bob Smith,363.67,211.94,24,CUST-1047,151.73
2024-12-05,South,Wireless Mouse,Electronics,Alice Johnson,474.02,204.12,1,CUST-1188,269.9
2024-12-05,West,Laptop Pro,Accessories,Emma Brown,356.56,152.78,7,CUST-1208,203.78
2024-12-05,North,USB-C Hub,Electronics,Emma Brown,27.19,12.16,2,CUST-1244,15.03
2024-12-05,South,Laptop Pro,Accessories,Carol Davis,153.76,70.03,20,CUST-1214,83.73
2024-12-06,West,Laptop Pro,Accessories,Bob Smith,335.5,176.04,22,CUST-1279,159.46
2024-12-06,East,Laptop Pro,Peripherals,Bob Smith,341.09,156.99,25,CUST-1280,184.1
2024-12-06,Central,Laptop Pro,Peripherals,Bob Smith,268.94,174.07,19,CUST-1113,94.87
2024-12-07,South,Laptop Pro,Electronics,Carol Davis,546.61,316.46,9,CUST-1209,230.15
2024-12-07,North,Wireless Mouse,Peripherals,Frank Miller,847.75,366.04,7,CUST-1132,481.71
2024-12-07,East,USB-C Hub,Electronics,David Wilson,,100.39,22,CUST-1182,
2024-12-07,,USB-C Hub,Accessories,David Wilson,489.23,277.93,6,CUST-1239,211.3
2024-12-07,East,"Monitor 27""",Peripherals,David Wilson,310.43,126.2,24,CUST-1044,184.23
2024-12-08,North,Laptop Pro,Accessories,Carol Davis,133.86,73.24,21,CUST-1196,60.62
2024-12-08,East,USB-C Hub,Accessories,David Wilson,416.88,251.48,19,CUST-1017,165.4
2024-12-08,North,USB-C Hub,Electronics,Emma Brown,487.14,310.61,9,CUST-1171,176.53
2024-12-09,Central,"Monitor 27""",Accessories,Frank Miller,965.17,456.13,7,CUST-1159,509.04
2024-12-09,South,Laptop Pro,Electronics,Bob Smith,243.78,104.5,14,CUST-1288,139.28
2024-12-09,South,Laptop Pro,Electronics,Bob Smith,185.99,87.41,10,CUST-1234,98.58
2024-12-09,West,Laptop Pro,Displays,Carol Davis,356.9,242.69,4,CUST-1289,114.21
2024-12-09,North,Wireless Mouse,Peripherals,Frank Miller,191.43,99.2,10,CUST-1273,92.23
2024-12-09,North,USB-C Hub,Peripherals,David Wilson,98.98,62.94,22,CUST-1026,36.04
2024-12-09,West,Laptop Pro,Displays,Frank Miller,400.5,191.75,9,CUST-1135,208.75
2024-12-10,South,Keyboard Mech,Displays,Emma Brown,146.83,61.04,13,CUST-1035,85.79
2024-12-10,South,Laptop Pro,Accessories,Emma Brown,300.54,148.9,9,CUST-1048,151.64
2024-12-11,North,Wireless Mouse,Electronics,Alice Johnson,413.5,281.29,13,CUST-1262,132.21
2024-12-11,North,"Monitor 27""",Electronics,Carol Davis,126.14,56.9,25,CUST-1044,69.24
2024-12-11,North,USB-C Hub,Electronics,Emma Brown,1058.17,628.15,2,CUST-1271,430.02
2024-12-12,South,"Monitor 27""",Peripherals,Emma Brown,,70.01,16,CUST-1282,
2024-12-13,North,Laptop Pro,Electronics,Frank Miller,1088.55,485.98,4,CUST-1226,602.57
2024-12-13,South,"Monitor 27""",Accessories,Bob Smith,299.96,129.41,7,CUST-1163,170.55
2024-12-13,North,USB-C Hub,Electronics,Carol Davis,268.65,152.61,10,CUST-1141,116.04
2024-12-13,West,USB-C Hub,Electronics,Bob Smith,2910.53,1475.84,22,CUST-1244,1434.69
2024-12-13,South,Laptop Pro,Electronics,David Wilson,376.6,192.73,18,CUST-1220,183.87
2024-12-14,West,Laptop Pro,Accessories,Frank Miller,386.0,206.64,10,CUST-1036,179.36
2024-12-14,North,USB-C Hub,Peripherals,Alice Johnson,328.48,,1,CUST-1175,
2024-12-14,North,Keyboard Mech,Accessories,Emma Brown,85.78,43.08,19,CUST-1048,42.7
2024-12-14,North,USB-C Hub,Peripherals,Frank Miller,228.86,112.67,14,CUST-1091,116.19
2024-12-15,East,Laptop Pro,Electronics,Bob Smith,84.96,53.65,5,CUST-1158,31.31
2024-12-15,South,Laptop Pro,Accessories,Frank Miller,292.61,182.68,15,CUST-1255,109.93
2024-12-15,Central,Laptop Pro,Peripherals,Bob Smith,1131.08,504.36,16,CUST-1181,626.72
2024-12-15,Central,USB-C Hub,Electronics,Frank Miller,649.16,381.37,16,CUST-1083,267.79
2024-12-15,West,USB-C Hub,Peripherals,Emma Brown,1449.84,714.94,15,CUST-1076,734.9
2024-12-16,West,"Monitor 27""",Electronics,Alice Johnson,216.22,118.74,14,CUST-1275,97.48
2024-12-16,Central,Keyboard Mech,Accessories,Frank Miller,284.89,185.41,1,CUST-1018,99.48
2024-12-17,North,USB-C Hub,Accessories,Alice Johnson,337.8,141.57,12,CUST-1172,196.23
2024-12-17,West,Wireless Mouse,Electronics,Carol Davis,734.36,485.74,4,CUST-1268,248.62
2024-12-17,South,Keyboard Mech,Accessories,Emma Brown,313.19,205.14,16,CUST-1125,108.05
2024-12-17,South,Laptop Pro,Electronics,Frank Miller,59.38,40.28,11,CUST-1281,19.1
2024-12-17,North,Wireless Mouse,Accessories,Carol Davis,435.57,220.83,15,CUST-1077,214.74
2024-12-18,South,Wireless Mouse,Electronics,Bob Smith,311.95,133.82,22,CUST-1055,178.13
2024-12-18,North,Keyboard Mech,Accessories,Bob Smith,186.73,98.49,19,CUST-1033,88.24
2024-12-19,West,Laptop Pro,Peripherals,David Wilson,698.08,488.06,5,CUST-1080,210.02
2024-12-19,South,"Monitor 27""",Accessories,David Wilson,490.7,313.49,11,CUST-1073,177.21
2024-12-19,South,Laptop Pro,Displays,Emma Brown,810.42,487.54,18,CUST-1242,322.88
2024-12-20,West,"Monitor 27""",Peripherals,Emma Brown,76.75,39.41,20,CUST-1047,37.34
2024-12-20,East,"Monitor 27""",Accessories,Emma Brown,409.94,238.24,16,CUST-1105,171.7
2024-12-20,West,"Monitor 27""",Accessories,Carol Davis,97.73,50.32,19,CUST-1048,47.41
2024-12-20,West,Keyboard Mech,Accessories,Alice Johnson,719.37,436.59,7,CUST-1021,282.78
2024-12-20,West,"Monitor 27""",Accessories,David Wilson,826.31,358.19,16,CUST-1211,468.12
2024-12-21,Central,Keyboard Mech,Electronics,Frank Miller,880.09,456.65,25,CUST-1061,423.44
2024-12-21,West,Wireless Mouse,Accessories,Emma Brown,248.32,142.32,19,CUST-1279,106.0
2024-12-22,East,Laptop Pro,Displays,David Wilson,512.29,,10,CUST-1029,
2024-12-22,West,Wireless Mouse,Electronics,Bob Smith,1865.35,942.7,9,CUST-1074,922.65
2024-12-22,South,Keyboard Mech,Electronics,Emma Brown,269.72,188.18,3,CUST-1136,81.54
2024-12-22,Central,USB-C Hub,Accessories,Alice Johnson,703.47,413.05,5,CUST-1037,290.42
2024-12-23,North,Wireless Mouse,Peripherals,David Wilson,128.59,82.58,8,CUST-1247,46.01
2024-12-23,South,Laptop Pro,Electronics,Emma Brown,982.39,513.12,23,CUST-1044,469.27
2024-12-23,East,USB-C Hub,Electronics,Frank Miller,1106.88,714.49,6,CUST-1003,392.39
2024-12-24,South,Laptop Pro,Peripherals,Alice Johnson,328.14,160.69,22,CUST-1108,167.45
2024-12-24,Central,Laptop Pro,Accessories,David Wilson,700.05,465.72,12,CUST-1238,234.33
2024-12-24,East,"Monitor 27""",Accessories,Carol Davis,846.3,549.91,3,CUST-1070,296.39
2024-12-24,West,Laptop Pro,Peripherals,Frank Miller,277.0,155.89,17,CUST-1148,121.11
2024-12-25,East,USB-C Hub,Accessories,Carol Davis,1419.11,982.21,20,CUST-1276,436.9
2024-12-25,Central,Laptop Pro,Electronics,Alice Johnson,69.82,39.72,21,CUST-1074,30.1
2024-12-25,West,"Monitor 27""",Accessories,Alice Johnson,519.01,258.22,8,CUST-1239,260.79
2024-12-25,North,Laptop Pro,Displays,David Wilson,621.58,430.9,9,CUST-1240,190.68
2024-12-25,South,Keyboard Mech,Peripherals,Bob Smith,215.73,110.18,14,CUST-1050,105.55
2024-12-26,North,USB-C Hub,Displays,Carol Davis,221.17,129.35,13,CUST-1227,91.82
2024-12-26,South,USB-C Hub,Accessories,Bob Smith,475.6,264.9,16,CUST-1258,210.7
2024-12-26,North,"Monitor 27""",Accessories,Emma Brown,109.2,53.45,25,CUST-1271,55.75
2024-12-27,Central,USB-C Hub,Accessories,Carol Davis,1748.49,776.46,2,CUST-1204,972.03
2024-12-27,Central,"Monitor 27""",Displays,Alice Johnson,80.64,45.48,9,CUST-1263,35.16
2024-12-27,East,Wireless Mouse,Electronics,Alice Johnson,233.23,131.74,11,CUST-1047,101.49
2024-12-27,West,Laptop Pro,Peripherals,Alice Johnson,447.47,279.12,25,CUST-1028,168.35
2024-12-27,North,"Monitor 27""",Electronics,Alice Johnson,560.53,228.33,23,CUST-1262,332.2
2024-12-27,East,Laptop Pro,Peripherals,Alice Johnson,344.82,232.89,19,CUST-1179,111.93
2024-12-27,West,Laptop Pro,Accessories,Alice Johnson,165.84,111.15,15,CUST-1129,54.69
2024-12-28,Central,Laptop Pro,Accessories,Frank Miller,304.62,186.1,6,CUST-1006,118.52
2024-12-28,East,USB-C Hub,Peripherals,Carol Davis,696.24,374.3,2,CUST-1031,321.94
2024-12-28,East,Laptop Pro,Peripherals,Alice Johnson,930.53,623.07,19,CUST-1264,307.46
2024-12-28,North,Keyboard Mech,Displays,Frank Miller,308.6,176.92,22,CUST-1086,131.68
2024-12-29,Central,Laptop Pro,Accessories,Frank Miller,1061.95,493.53,9,CUST-1092,568.42
2024-12-29,North,"Monitor 27""",Peripherals,Carol Davis,442.03,232.43,22,CUST-1220,209.6
2024-12-29,South,"Monitor 27""",Peripherals,Emma Brown,120.25,72.42,21,CUST-1035,47.83
2024-12-29,Central,"Monitor 27""",Displays,Alice Johnson,111.39,53.76,11,CUST-1090,57.63
2024-12-29,West,Wireless Mouse,Electronics,Frank Miller,456.13,277.4,17,CUST-1230,178.73
2024-12-29,West,Wireless Mouse,Electronics,Alice Johnson,930.45,593.77,17,CUST-1064,336.68
2024-12-30,North,"Monitor 27""",Electronics,Frank Miller,455.24,290.15,7,CUST-1206,165.09
2024-12-30,North,USB-C Hub,Peripherals,Emma Brown,1020.48,511.83,5,CUST-1078,508.65
2024-12-31,South,Laptop Pro,Electronics,Bob Smith,655.09,354.48,23,CUST-1066,300.61
2024-12-31,North,Wireless Mouse,Peripherals,Frank Miller,436.95,267.57,15,CUST-1237,169.38
2024-12-31,West,USB-C Hub,Displays,Bob Smith,109.36,59.92,2,CUST-1122,49.44
2024-12-31,South,Wireless Mouse,Accessories,Bob Smith,163.31,80.71,25,CUST-1200,82.6
2024-12-31,North,USB-C Hub,Displays,Bob Smith,714.23,422.06,16,CUST-1108,292.17
2024-12-31,Central,USB-C Hub,Peripherals,Bob Smith,889.19,501.49,15,CUST-1060,387.7
